Name,Evolution
Bulbasaur,"{'stage': 1, 'evolves_to': [{'name': 'Ivysaur', 'method': 'level', 'requirement': '16'}]}"
Ivysaur,"{'stage': 2, 'evolves_to': [{'name': 'Venusaur', 'method': 'level', 'requirement': '32'}], 'evolves_from': 'Bulbasaur'}"
Venusaur,"{'stage': 3, 'evolves_to': [{'name': 'Mega Venusaur', 'method': 'mega_evolution', 'requirement': 'Venusaurite'}], 'evolves_from': 'Ivysaur'}"
Mega Venusaur,"{'stage': 'mega', 'evolves_from': 'Venusaur'}"
Charmander,"{'stage': 1, 'evolves_to': [{'name': 'Charmeleon', 'method': 'level', 'requirement': '16'}]}"
Charmeleon,"{'stage': 2, 'evolves_to': [{'name': 'Charizard', 'method': 'level', 'requirement': '36'}], 'evolves_from': 'Charmander'}"
Charizard,"{'stage': 3, 'evolves_to': [{'name': 'Mega Charizard X', 'method': 'mega_evolution', 'requirement': 'Charizardite X'}, {'name': 'Mega Charizard Y', 'method': 'mega_evolution', 'requirement': 'Charizardite Y'}], 'evolves_from': 'Charmeleon'}"
Mega Charizard Y,"{'stage': 'mega', 'evolves_from': 'Charizard'}"
Mega Charizard X,"{'stage': 'mega', 'evolves_from': 'Charizard'}"
Squirtle,"{'stage': 1, 'evolves_to': [{'name': 'Wartortle', 'method': 'level', 'requirement': '16'}]}"
Wartortle,"{'stage': 2, 'evolves_to': [{'name': 'Blastoise', 'method': 'level', 'requirement': '36'}], 'evolves_from': 'Squirtle'}"
Blastoise,"{'stage': 3, 'evolves_to': [{'name': 'Mega Blastoise', 'method': 'mega_evolution', 'requirement': 'Blastoisinite'}], 'evolves_from': 'Wartortle'}"
Mega Blastoise,"{'stage': 'mega', 'evolves_from': 'Blastoise'}"
Caterpie,"{'stage': 1, 'evolves_to': [{'name': 'Metapod', 'method': 'level', 'requirement': '7'}]}"
Metapod,"{'stage': 2, 'evolves_to': [{'name': 'Butterfree', 'method': 'level', 'requirement': '10'}], 'evolves_from': 'Caterpie'}"
Butterfree,"{'stage': 3, 'evolves_from': 'Metapod'}"
Weedle,"{'stage': 1, 'evolves_to': [{'name': 'Kakuna', 'method': 'level', 'requirement': '7'}]}"
Kakuna,"{'stage': 2, 'evolves_to': [{'name': 'Beedrill', 'method': 'level', 'requirement': '10'}], 'evolves_from': 'Weedle'}"
Beedrill,"{'stage': 3, 'evolves_to': [{'name': 'Mega Beedrill', 'method': 'mega_evolution', 'requirement': 'Beedrillite'}], 'evolves_from': 'Kakuna'}"
Mega Beedrill,"{'stage': 'mega', 'evolves_from': 'Beedrill'}"
Pidgey,"{'stage': 1, 'evolves_to': [{'name': 'Pidgeotto', 'method': 'level', 'requirement': '18'}]}"
Pidgeotto,"{'stage': 2, 'evolves_to': [{'name': 'Pidgeot', 'method': 'level', 'requirement': '36'}], 'evolves_from': 'Pidgey'}"
Pidgeot,"{'stage': 3, 'evolves_to': [{'name': 'Mega Pidgeot', 'method': 'mega_evolution', 'requirement': 'Pidgeotite'}], 'evolves_from': 'Pidgeotto'}"
Mega Pidgeot,"{'stage': 'mega', 'evolves_from': 'Pidgeot'}"
Rattata,"{'stage': 1, 'evolves_to': [{'name': 'Raticate', 'method': 'level', 'requirement': '20'}]}"
Alolan Rattata,"{'stage': 1, 'evolves_to': [{'name': 'Alolan Raticate', 'method': 'level', 'requirement': '20', 'condition': 'night_time'}]}"
Raticate,"{'stage': 2, 'evolves_from': 'Rattata'}"
Alolan Raticate,"{'stage': 2, 'evolves_from': 'Alolan Rattata'}"
Spearow,"{'stage': 1, 'evolves_to': [{'name': 'Fearow', 'method': 'level', 'requirement': '20'}]}"
Fearow,"{'stage': 2, 'evolves_from': 'Spearow'}"
Ekans,"{'stage': 1, 'evolves_to': [{'name': 'Arbok', 'method': 'level', 'requirement': '22'}]}"
Arbok,"{'stage': 2, 'evolves_from': 'Ekans'}"
Pikachu,"{'stage': 1, 'evolves_to': [{'name': 'Raichu', 'method': 'stone', 'requirement': 'Thunder Stone'}, {'name': 'Alolan Raichu', 'method': 'stone', 'requirement': 'Thunder Stone', 'condition': 'Alola_region'}], 'evolves_from': 'Pichu'}"
Raichu,"{'stage': 2, 'evolves_from': 'Pikachu'}"
Alolan Raichu,"{'stage': 2, 'evolves_from': 'Pikachu'}"
Sandshrew,"{'stage': 1, 'evolves_to': [{'name': 'Sandslash', 'method': 'level', 'requirement': '22'}]}"
Alolan Sandshrew,"{'stage': 1, 'evolves_to': [{'name': 'Alolan Sandslash', 'method': 'stone', 'requirement': 'Ice Stone'}]}"
Sandslash,"{'stage': 2, 'evolves_from': 'Sandshrew'}"
Alolan Sandslash,"{'stage': 2, 'evolves_from': 'Alolan Sandshrew'}"
Nidoran♀,"{'stage': 1, 'evolves_to': [{'name': 'Nidorina', 'method': 'level', 'requirement': '16'}]}"
Nidorina,"{'stage': 2, 'evolves_to': [{'name': 'Nidoqueen', 'method': 'stone', 'requirement': 'Moon Stone'}], 'evolves_from': 'Nidoran♀'}"
Nidoqueen,"{'stage': 3, 'evolves_from': 'Nidorina'}"
Nidoran♂,"{'stage': 1, 'evolves_to': [{'name': 'Nidorino', 'method': 'level', 'requirement': '16'}]}"
Nidorino,"{'stage': 2, 'evolves_to': [{'name': 'Nidoking', 'method': 'stone', 'requirement': 'Moon Stone'}], 'evolves_from': 'Nidoran♂'}"
Nidoking,"{'stage': 3, 'evolves_from': 'Nidorino'}"
Clefairy,"{'stage': 1, 'evolves_to': [{'name': 'Clefable', 'method': 'stone', 'requirement': 'Moon Stone'}], 'evolves_from': 'Cleffa'}"
Clefable,"{'stage': 2, 'evolves_from': 'Clefairy'}"
Vulpix,"{'stage': 1, 'evolves_to': [{'name': 'Ninetales', 'method': 'stone', 'requirement': 'Fire Stone'}]}"
Alolan Vulpix,"{'stage': 1, 'evolves_to': [{'name': 'Alolan Ninetales', 'method': 'stone', 'requirement': 'Ice Stone'}]}"
Ninetales,"{'stage': 2, 'evolves_from': 'Vulpix'}"
Alolan Ninetales,"{'stage': 2, 'evolves_from': 'Alolan Vulpix'}"
Jigglypuff,"{'stage': 1, 'evolves_to': [{'name': 'Wigglytuff', 'method': 'stone', 'requirement': 'Moon Stone'}], 'evolves_from': 'Igglybuff'}"
Wigglytuff,"{'stage': 2, 'evolves_from': 'Jigglypuff'}"
Zubat,"{'stage': 1, 'evolves_to': [{'name': 'Golbat', 'method': 'level', 'requirement': '22'}]}"
Golbat,"{'stage': 2, 'evolves_to': [{'name': 'Crobat', 'method': 'friendship', 'requirement': 'high_friendship'}], 'evolves_from': 'Zubat'}"
Oddish,"{'stage': 1, 'evolves_to': [{'name': 'Gloom', 'method': 'level', 'requirement': '21'}]}"
Gloom,"{'stage': 2, 'evolves_to': [{'name': 'Vileplume', 'method': 'stone', 'requirement': 'Leaf Stone'}, {'name': 'Bellossom', 'method': 'stone', 'requirement': 'Sun Stone'}], 'evolves_from': 'Oddish'}"
Vileplume,"{'stage': 3, 'evolves_from': 'Gloom'}"
Paras,"{'stage': 1, 'evolves_to': [{'name': 'Parasect', 'method': 'level', 'requirement': '24'}]}"
Parasect,"{'stage': 2, 'evolves_from': 'Paras'}"
Venonat,"{'stage': 1, 'evolves_to': [{'name': 'Venomoth', 'method': 'level', 'requirement': '31'}]}"
Venomoth,"{'stage': 2, 'evolves_from': 'Venonat'}"
Diglett,"{'stage': 1, 'evolves_to': [{'name': 'Dugtrio', 'method': 'level', 'requirement': '26'}]}"
Alolan Diglett,"{'stage': 1, 'evolves_to': [{'name': 'Alolan Dugtrio', 'method': 'level', 'requirement': '26'}]}"
Dugtrio,"{'stage': 2, 'evolves_from': 'Diglett'}"
Alolan Dugtrio,"{'stage': 2, 'evolves_from': 'Alolan Diglett'}"
Meowth,"{'stage': 1, 'evolves_to': [{'name': 'Persian', 'method': 'level', 'requirement': '28'}]}"
Alolan Meowth,"{'stage': 1, 'evolves_to': [{'name': 'Alolan Persian', 'method': 'friendship', 'requirement': 'high_friendship'}]}"
Galarian Meowth,"{'stage': 1, 'evolves_to': [{'name': 'Perrserker', 'method': 'level', 'requirement': '28'}]}"
Persian,"{'stage': 2, 'evolves_from': 'Meowth'}"
Alolan Persian,"{'stage': 2, 'evolves_from': 'Alolan Meowth'}"
Psyduck,"{'stage': 1, 'evolves_to': [{'name': 'Golduck', 'method': 'level', 'requirement': '33'}]}"
Golduck,"{'stage': 2, 'evolves_from': 'Psyduck'}"
Mankey,"{'stage': 1, 'evolves_to': [{'name': 'Primeape', 'method': 'level', 'requirement': '28'}]}"
Primeape,"{'stage': 2, 'evolves_to': [{'name': 'Annihilape', 'method': 'special', 'requirement': 'Use Rage Fist 20 times'}], 'evolves_from': 'Mankey'}"
Growlithe,"{'stage': 1, 'evolves_to': [{'name': 'Arcanine', 'method': 'stone', 'requirement': 'Fire Stone'}]}"
Arcanine,"{'stage': 2, 'evolves_from': 'Growlithe'}"
Poliwag,"{'stage': 1, 'evolves_to': [{'name': 'Poliwhirl', 'method': 'level', 'requirement': '25'}]}"
Poliwhirl,"{'stage': 2, 'evolves_to': [{'name': 'Poliwrath', 'method': 'stone', 'requirement': 'Water Stone'}, {'name': 'Politoed', 'method': 'trade', 'requirement': ""King's Rock""}], 'evolves_from': 'Poliwag'}"
Poliwrath,"{'stage': 3, 'evolves_from': 'Poliwhirl'}"
Abra,"{'stage': 1, 'evolves_to': [{'name': 'Kadabra', 'method': 'level', 'requirement': '16'}]}"
Kadabra,"{'stage': 2, 'evolves_to': [{'name': 'Alakazam', 'method': 'trade', 'requirement': 'trade'}], 'evolves_from': 'Abra'}"
Alakazam,"{'stage': 3, 'evolves_to': [{'name': 'Mega Alakazam', 'method': 'mega_evolution', 'requirement': 'Alakazite'}], 'evolves_from': 'Kadabra'}"
Mega Alakazam,"{'stage': 'mega', 'evolves_from': 'Alakazam'}"
Machop,"{'stage': 1, 'evolves_to': [{'name': 'Machoke', 'method': 'level', 'requirement': '28'}]}"
Machoke,"{'stage': 2, 'evolves_to': [{'name': 'Machamp', 'method': 'trade', 'requirement': 'trade'}], 'evolves_from': 'Machop'}"
Machamp,"{'stage': 3, 'evolves_from': 'Machoke'}"
Bellsprout,"{'stage': 1, 'evolves_to': [{'name': 'Weepinbell', 'method': 'level', 'requirement': '21'}]}"
Weepinbell,"{'stage': 2, 'evolves_to': [{'name': 'Victreebel', 'method': 'stone', 'requirement': 'Leaf Stone'}], 'evolves_from': 'Bellsprout'}"
Victreebel,"{'stage': 3, 'evolves_from': 'Weepinbell'}"
Tentacool,"{'stage': 1, 'evolves_to': [{'name': 'Tentacruel', 'method': 'level', 'requirement': '30'}]}"
Tentacruel,"{'stage': 2, 'evolves_from': 'Tentacool'}"
Geodude,"{'stage': 1, 'evolves_to': [{'name': 'Graveler', 'method': 'level', 'requirement': '25'}]}"
Alolan Geodude,"{'stage': 1, 'evolves_to': [{'name': 'Alolan Graveler', 'method': 'level', 'requirement': '25'}]}"
Graveler,"{'stage': 2, 'evolves_to': [{'name': 'Golem', 'method': 'trade', 'requirement': 'trade'}], 'evolves_from': 'Geodude'}"
Alolan Graveler,"{'stage': 2, 'evolves_to': [{'name': 'Alolan Golem', 'method': 'trade', 'requirement': 'trade'}], 'evolves_from': 'Alolan Geodude'}"
Golem,"{'stage': 3, 'evolves_from': 'Graveler'}"
Alolan Golem,"{'stage': 3, 'evolves_from': 'Alolan Graveler'}"
Ponyta,"{'stage': 1, 'evolves_to': [{'name': 'Rapidash', 'method': 'level', 'requirement': '40'}]}"
Galarian Ponyta,"{'stage': 1, 'evolves_to': [{'name': 'Galarian Rapidash', 'method': 'level', 'requirement': '40'}]}"
Rapidash,"{'stage': 2, 'evolves_from': 'Ponyta'}"
Galarian Rapidash,"{'stage': 2, 'evolves_from': 'Galarian Ponyta'}"
Slowpoke,"{'stage': 1, 'evolves_to': [{'name': 'Slowbro', 'method': 'level', 'requirement': '37'}, {'name': 'Slowking', 'method': 'trade', 'requirement': ""King's Rock""}]}"
Galarian Slowpoke,"{'stage': 1, 'evolves_to': [{'name': 'Galarian Slowbro', 'method': 'item', 'requirement': 'Galarica Cuff'}, {'name': 'Galarian Slowking', 'method': 'item', 'requirement': 'Galarica Wreath'}]}"
Slowbro,"{'stage': 2, 'evolves_to': [{'name': 'Mega Slowbro', 'method': 'mega_evolution', 'requirement': 'Slowbronite'}], 'evolves_from': 'Slowpoke'}"
Mega Slowbro,"{'stage': 'mega', 'evolves_from': 'Slowbro'}"
Galarian Slowbro,"{'stage': 2, 'evolves_from': 'Galarian Slowpoke'}"
Magnemite,"{'stage': 1, 'evolves_to': [{'name': 'Magneton', 'method': 'level', 'requirement': '30'}]}"
Magneton,"{'stage': 2, 'evolves_to': [{'name': 'Magnezone', 'method': 'location', 'requirement': 'magnetic_field'}], 'evolves_from': 'Magnemite'}"
Farfetch'd,"{'stage': 1, 'evolves_to': []}"
Galarian Farfetch'd,"{'stage': 1, 'evolves_to': [{'name': ""Sirfetch'd"", 'method': 'special', 'requirement': 'Land 3 critical hits in one battle'}]}"
Doduo,"{'stage': 1, 'evolves_to': [{'name': 'Dodrio', 'method': 'level', 'requirement': '31'}]}"
Dodrio,"{'stage': 2, 'evolves_from': 'Doduo'}"
Seel,"{'stage': 1, 'evolves_to': [{'name': 'Dewgong', 'method': 'level', 'requirement': '34'}]}"
Dewgong,"{'stage': 2, 'evolves_from': 'Seel'}"
Grimer,"{'stage': 1, 'evolves_to': [{'name': 'Muk', 'method': 'level', 'requirement': '38'}]}"
Alolan Grimer,"{'stage': 1, 'evolves_to': [{'name': 'Alolan Muk', 'method': 'level', 'requirement': '38'}]}"
Muk,"{'stage': 2, 'evolves_from': 'Grimer'}"
Alolan Muk,"{'stage': 2, 'evolves_from': 'Alolan Grimer'}"
Shellder,"{'stage': 1, 'evolves_to': [{'name': 'Cloyster', 'method': 'stone', 'requirement': 'Water Stone'}]}"
Cloyster,"{'stage': 2, 'evolves_from': 'Shellder'}"
Gastly,"{'stage': 1, 'evolves_to': [{'name': 'Haunter', 'method': 'level', 'requirement': '25'}]}"
Haunter,"{'stage': 2, 'evolves_to': [{'name': 'Gengar', 'method': 'trade', 'requirement': 'trade'}], 'evolves_from': 'Gastly'}"
Gengar,"{'stage': 3, 'evolves_to': [{'name': 'Mega Gengar', 'method': 'mega_evolution', 'requirement': 'Gengarite'}], 'evolves_from': 'Haunter'}"
Mega Gengar,"{'stage': 'mega', 'evolves_from': 'Gengar'}"
Onix,"{'stage': 1, 'evolves_to': [{'name': 'Steelix', 'method': 'trade', 'requirement': 'Metal Coat'}]}"
Drowzee,"{'stage': 1, 'evolves_to': [{'name': 'Hypno', 'method': 'level', 'requirement': '26'}]}"
Hypno,"{'stage': 2, 'evolves_from': 'Drowzee'}"
Krabby,"{'stage': 1, 'evolves_to': [{'name': 'Kingler', 'method': 'level', 'requirement': '28'}]}"
Kingler,"{'stage': 2, 'evolves_from': 'Krabby'}"
Voltorb,"{'stage': 1, 'evolves_to': [{'name': 'Electrode', 'method': 'level', 'requirement': '30'}]}"
Electrode,"{'stage': 2, 'evolves_from': 'Voltorb'}"
Exeggcute,"{'stage': 1, 'evolves_to': [{'name': 'Exeggutor', 'method': 'stone', 'requirement': 'Leaf Stone'}, {'name': 'Alolan Exeggutor', 'method': 'stone', 'requirement': 'Leaf Stone', 'condition': 'Alola_region'}]}"
Exeggutor,"{'stage': 2, 'evolves_from': 'Exeggcute'}"
Alolan Exeggutor,"{'stage': 2, 'evolves_from': 'Exeggcute'}"
Cubone,"{'stage': 1, 'evolves_to': [{'name': 'Marowak', 'method': 'level', 'requirement': '28'}, {'name': 'Alolan Marowak', 'method': 'level', 'requirement': '28', 'condition': 'night_time_Alola'}]}"
Marowak,"{'stage': 2, 'evolves_from': 'Cubone'}"
Alolan Marowak,"{'stage': 2, 'evolves_from': 'Cubone'}"
Hitmonlee,"{'stage': 1, 'evolves_from': 'Tyrogue'}"
Hitmonchan,"{'stage': 1, 'evolves_from': 'Tyrogue'}"
Lickitung,"{'stage': 1, 'evolves_to': [{'name': 'Lickilicky', 'method': 'move', 'requirement': 'Level up knowing Rollout'}]}"
Koffing,"{'stage': 1, 'evolves_to': [{'name': 'Weezing', 'method': 'level', 'requirement': '35'}, {'name': 'Galarian Weezing', 'method': 'level', 'requirement': '35', 'condition': 'Galar_region'}]}"
Weezing,"{'stage': 2, 'evolves_from': 'Koffing'}"
Galarian Weezing,"{'stage': 2, 'evolves_from': 'Koffing'}"
Rhyhorn,"{'stage': 1, 'evolves_to': [{'name': 'Rhydon', 'method': 'level', 'requirement': '42'}]}"
Rhydon,"{'stage': 2, 'evolves_to': [{'name': 'Rhyperior', 'method': 'trade', 'requirement': 'Protector'}], 'evolves_from': 'Rhyhorn'}"
Chansey,"{'stage': 1, 'evolves_to': [{'name': 'Blissey', 'method': 'friendship', 'requirement': 'high_friendship'}], 'evolves_from': 'Happiny'}"
Tangela,"{'stage': 1, 'evolves_to': [{'name': 'Tangrowth', 'method': 'move', 'requirement': 'Level up knowing Ancient Power'}]}"
Kangaskhan,"{'stage': 1, 'evolves_to': [{'name': 'Mega Kangaskhan', 'method': 'mega_evolution', 'requirement': 'Kangaskhanite'}]}"
Mega Kangaskhan,"{'stage': 'mega', 'evolves_from': 'Kangaskhan'}"
Horsea,"{'stage': 1, 'evolves_to': [{'name': 'Seadra', 'method': 'level', 'requirement': '32'}]}"
Seadra,"{'stage': 2, 'evolves_to': [{'name': 'Kingdra', 'method': 'trade', 'requirement': 'Dragon Scale'}], 'evolves_from': 'Horsea'}"
Goldeen,"{'stage': 1, 'evolves_to': [{'name': 'Seaking', 'method': 'level', 'requirement': '33'}]}"
Seaking,"{'stage': 2, 'evolves_from': 'Goldeen'}"
Staryu,"{'stage': 1, 'evolves_to': [{'name': 'Starmie', 'method': 'stone', 'requirement': 'Water Stone'}]}"
Starmie,"{'stage': 2, 'evolves_from': 'Staryu'}"
Mr. Mime,"{'stage': 1, 'evolves_from': 'Mime Jr.'}"
Galarian Mr. Mime,"{'stage': 1, 'evolves_to': [{'name': 'Mr. Rime', 'method': 'level', 'requirement': '42'}], 'evolves_from': 'Mime Jr.'}"
Scyther,"{'stage': 1, 'evolves_to': [{'name': 'Scizor', 'method': 'trade', 'requirement': 'Metal Coat'}, {'name': 'Kleavor', 'method': 'item', 'requirement': 'Black Augurite'}]}"
Jynx,"{'stage': 1, 'evolves_from': 'Smoochum'}"
Electabuzz,"{'stage': 1, 'evolves_to': [{'name': 'Electivire', 'method': 'trade', 'requirement': 'Electirizer'}], 'evolves_from': 'Elekid'}"
Magmar,"{'stage': 1, 'evolves_to': [{'name': 'Magmortar', 'method': 'trade', 'requirement': 'Magmarizer'}], 'evolves_from': 'Magby'}"
Pinsir,"{'stage': 1, 'evolves_to': [{'name': 'Mega Pinsir', 'method': 'mega_evolution', 'requirement': 'Pinsirite'}]}"
Mega Pinsir,"{'stage': 'mega', 'evolves_from': 'Pinsir'}"
Tauros,"{'stage': 1, 'evolves_to': []}"
Magikarp,"{'stage': 1, 'evolves_to': [{'name': 'Gyarados', 'method': 'level', 'requirement': '20'}]}"
Gyarados,"{'stage': 2, 'evolves_to': [{'name': 'Mega Gyarados', 'method': 'mega_evolution', 'requirement': 'Gyaradosite'}], 'evolves_from': 'Magikarp'}"
Mega Gyarados,"{'stage': 'mega', 'evolves_from': 'Gyarados'}"
Lapras,"{'stage': 1, 'evolves_to': []}"
Ditto,"{'stage': 1, 'evolves_to': []}"
Eevee,"{'stage': 1, 'evolves_to': [{'name': 'Vaporeon', 'method': 'stone', 'requirement': 'Water Stone'}, {'name': 'Jolteon', 'method': 'stone', 'requirement': 'Thunder Stone'}, {'name': 'Flareon', 'method': 'stone', 'requirement': 'Fire Stone'}, {'name': 'Espeon', 'method': 'friendship', 'requirement': 'high_friendship', 'condition': 'day_time'}, {'name': 'Umbreon', 'method': 'friendship', 'requirement': 'high_friendship', 'condition': 'night_time'}, {'name': 'Leafeon', 'method': 'location', 'requirement': 'Moss Rock or Leaf Stone'}, {'name': 'Glaceon', 'method': 'location', 'requirement': 'Ice Rock or Ice Stone'}, {'name': 'Sylveon', 'method': 'friendship', 'requirement': 'high_friendship + Fairy move'}]}"
Vaporeon,"{'stage': 2, 'evolves_from': 'Eevee'}"
Jolteon,"{'stage': 2, 'evolves_from': 'Eevee'}"
Flareon,"{'stage': 2, 'evolves_from': 'Eevee'}"
Porygon,"{'stage': 1, 'evolves_to': [{'name': 'Porygon2', 'method': 'trade', 'requirement': 'Upgrade'}]}"
Omanyte,"{'stage': 1, 'evolves_to': [{'name': 'Omastar', 'method': 'level', 'requirement': '40'}]}"
Omastar,"{'stage': 2, 'evolves_from': 'Omanyte'}"
Kabuto,"{'stage': 1, 'evolves_to': [{'name': 'Kabutops', 'method': 'level', 'requirement': '40'}]}"
Kabutops,"{'stage': 2, 'evolves_from': 'Kabuto'}"
Aerodactyl,"{'stage': 1, 'evolves_to': [{'name': 'Mega Aerodactyl', 'method': 'mega_evolution', 'requirement': 'Aerodactylite'}]}"
Mega Aerodactyl,"{'stage': 'mega', 'evolves_from': 'Aerodactyl'}"
Snorlax,"{'stage': 1, 'evolves_from': 'Munchlax'}"
Articuno,"{'stage': 1, 'evolves_to': []}"
Galarian Articuno,"{'stage': 1, 'evolves_to': []}"
Zapdos,"{'stage': 1, 'evolves_to': []}"
Galarian Zapdos,"{'stage': 1, 'evolves_to': []}"
Moltres,"{'stage': 1, 'evolves_to': []}"
Galarian Moltres,"{'stage': 1, 'evolves_to': []}"
Dratini,"{'stage': 1, 'evolves_to': [{'name': 'Dragonair', 'method': 'level', 'requirement': '30'}]}"
Dragonair,"{'stage': 2, 'evolves_to': [{'name': 'Dragonite', 'method': 'level', 'requirement': '55'}], 'evolves_from': 'Dratini'}"
Dragonite,"{'stage': 3, 'evolves_from': 'Dragonair'}"
Mewtwo,"{'stage': 1, 'evolves_to': [{'name': 'Mega Mewtwo X', 'method': 'mega_evolution', 'requirement': 'Mewtwonite X'}, {'name': 'Mega Mewtwo Y', 'method': 'mega_evolution', 'requirement': 'Mewtwonite Y'}]}"
Mega Mewtwo Y,"{'stage': 'mega', 'evolves_from': 'Mewtwo'}"
Mega Mewtwo X,"{'stage': 'mega', 'evolves_from': 'Mewtwo'}"
Mew,"{'stage': 1, 'evolves_to': []}"
Chikorita,"{'stage': 1, 'evolves_to': [{'name': 'Bayleef', 'method': 'level', 'requirement': '16'}]}"
Bayleef,"{'stage': 2, 'evolves_to': [{'name': 'Meganium', 'method': 'level', 'requirement': '32'}], 'evolves_from': 'Chikorita'}"
Meganium,"{'stage': 3, 'evolves_from': 'Bayleef'}"
Cyndaquil,"{'stage': 1, 'evolves_to': [{'name': 'Quilava', 'method': 'level', 'requirement': '14'}]}"
Quilava,"{'stage': 2, 'evolves_to': [{'name': 'Typhlosion', 'method': 'level', 'requirement': '36'}], 'evolves_from': 'Cyndaquil'}"
Typhlosion,"{'stage': 3, 'evolves_from': 'Quilava'}"
Totodile,"{'stage': 1, 'evolves_to': [{'name': 'Croconaw', 'method': 'level', 'requirement': '18'}]}"
Croconaw,"{'stage': 2, 'evolves_to': [{'name': 'Feraligatr', 'method': 'level', 'requirement': '30'}], 'evolves_from': 'Totodile'}"
Feraligatr,"{'stage': 3, 'evolves_from': 'Croconaw'}"
Sentret,"{'stage': 1, 'evolves_to': [{'name': 'Furret', 'method': 'level', 'requirement': '15'}]}"
Furret,"{'stage': 2, 'evolves_from': 'Sentret'}"
Hoothoot,"{'stage': 1, 'evolves_to': [{'name': 'Noctowl', 'method': 'level', 'requirement': '20'}]}"
Noctowl,"{'stage': 2, 'evolves_from': 'Hoothoot'}"
Ledyba,"{'stage': 1, 'evolves_to': [{'name': 'Ledian', 'method': 'level', 'requirement': '18'}]}"
Ledian,"{'stage': 2, 'evolves_from': 'Ledyba'}"
Spinarak,"{'stage': 1, 'evolves_to': [{'name': 'Ariados', 'method': 'level', 'requirement': '22'}]}"
Ariados,"{'stage': 2, 'evolves_from': 'Spinarak'}"
Crobat,"{'stage': 3, 'evolves_from': 'Golbat'}"
Chinchou,"{'stage': 1, 'evolves_to': [{'name': 'Lanturn', 'method': 'level', 'requirement': '27'}]}"
Lanturn,"{'stage': 2, 'evolves_from': 'Chinchou'}"
Pichu,"{'stage': 'baby', 'evolves_to': [{'name': 'Pikachu', 'method': 'friendship', 'requirement': 'high_friendship'}]}"
Cleffa,"{'stage': 'baby', 'evolves_to': [{'name': 'Clefairy', 'method': 'friendship', 'requirement': 'high_friendship'}]}"
Igglybuff,"{'stage': 'baby', 'evolves_to': [{'name': 'Jigglypuff', 'method': 'friendship', 'requirement': 'high_friendship'}]}"
Togepi,"{'stage': 'baby', 'evolves_to': [{'name': 'Togetic', 'method': 'friendship', 'requirement': 'high_friendship'}]}"
Togetic,"{'stage': 1, 'evolves_to': [{'name': 'Togekiss', 'method': 'stone', 'requirement': 'Shiny Stone'}], 'evolves_from': 'Togepi'}"
Natu,"{'stage': 1, 'evolves_to': [{'name': 'Xatu', 'method': 'level', 'requirement': '25'}]}"
Xatu,"{'stage': 2, 'evolves_from': 'Natu'}"
Mareep,"{'stage': 1, 'evolves_to': [{'name': 'Flaaffy', 'method': 'level', 'requirement': '15'}]}"
Flaaffy,"{'stage': 2, 'evolves_to': [{'name': 'Ampharos', 'method': 'level', 'requirement': '30'}], 'evolves_from': 'Mareep'}"
Ampharos,"{'stage': 3, 'evolves_to': [{'name': 'Mega Ampharos', 'method': 'mega_evolution', 'requirement': 'Ampharosite'}], 'evolves_from': 'Flaaffy'}"
Mega Ampharos,"{'stage': 'mega', 'evolves_from': 'Ampharos'}"
Bellossom,"{'stage': 3, 'evolves_from': 'Gloom'}"
Marill,"{'stage': 1, 'evolves_to': [{'name': 'Azumarill', 'method': 'level', 'requirement': '18'}]}"
Azumarill,"{'stage': 2, 'evolves_from': 'Marill'}"
Sudowoodo,"{'stage': 1, 'evolves_from': 'Bonsly'}"
Politoed,"{'stage': 3, 'evolves_from': 'Poliwhirl'}"
Hoppip,"{'stage': 1, 'evolves_to': [{'name': 'Skiploom', 'method': 'level', 'requirement': '18'}]}"
Skiploom,"{'stage': 2, 'evolves_to': [{'name': 'Jumpluff', 'method': 'level', 'requirement': '27'}], 'evolves_from': 'Hoppip'}"
Jumpluff,"{'stage': 3, 'evolves_from': 'Skiploom'}"
Aipom,"{'stage': 1, 'evolves_to': [{'name': 'Ambipom', 'method': 'move', 'requirement': 'Level up knowing Double Hit'}]}"
Sunkern,"{'stage': 1, 'evolves_to': [{'name': 'Sunflora', 'method': 'stone', 'requirement': 'Sun Stone'}]}"
Sunflora,"{'stage': 2, 'evolves_from': 'Sunkern'}"
Yanma,"{'stage': 1, 'evolves_to': [{'name': 'Yanmega', 'method': 'move', 'requirement': 'Level up knowing Ancient Power'}]}"
Wooper,"{'stage': 1, 'evolves_to': [{'name': 'Quagsire', 'method': 'level', 'requirement': '20'}]}"
Quagsire,"{'stage': 2, 'evolves_from': 'Wooper'}"
Espeon,"{'stage': 2, 'evolves_from': 'Eevee'}"
Umbreon,"{'stage': 2, 'evolves_from': 'Eevee'}"
Murkrow,"{'stage': 1, 'evolves_to': [{'name': 'Honchkrow', 'method': 'stone', 'requirement': 'Dusk Stone'}]}"
Slowking,"{'stage': 2, 'evolves_from': 'Slowpoke'}"
Galarian Slowking,"{'stage': 2, 'evolves_from': 'Galarian Slowpoke'}"
Misdreavus,"{'stage': 1, 'evolves_to': [{'name': 'Mismagius', 'method': 'stone', 'requirement': 'Dusk Stone'}]}"
Unown,"{'stage': 1, 'evolves_to': []}"
Wobbuffet,"{'stage': 1, 'evolves_from': 'Wynaut'}"
Girafarig,"{'stage': 1, 'evolves_to': [{'name': 'Farigiraf', 'method': 'move', 'requirement': 'Level up knowing Twin Beam'}]}"
Pineco,"{'stage': 1, 'evolves_to': [{'name': 'Forretress', 'method': 'level', 'requirement': '31'}]}"
Forretress,"{'stage': 2, 'evolves_from': 'Pineco'}"
Dunsparce,"{'stage': 1, 'evolves_to': [{'name': 'Dudunsparce', 'method': 'move', 'requirement': 'Level up knowing Hyper Drill'}]}"
Gligar,"{'stage': 1, 'evolves_to': [{'name': 'Gliscor', 'method': 'item', 'requirement': 'Level up holding Razor Fang at night'}]}"
Steelix,"{'stage': 2, 'evolves_to': [{'name': 'Mega Steelix', 'method': 'mega_evolution', 'requirement': 'Steelixite'}], 'evolves_from': 'Onix'}"
Mega Steelix,"{'stage': 'mega', 'evolves_from': 'Steelix'}"
Snubbull,"{'stage': 1, 'evolves_to': [{'name': 'Granbull', 'method': 'level', 'requirement': '23'}]}"
Granbull,"{'stage': 2, 'evolves_from': 'Snubbull'}"
Qwilfish,"{'stage': 1, 'evolves_to': [{'name': 'Overqwil', 'method': 'move', 'requirement': 'Use Barb Barrage 20 times in Strong Style'}]}"
Scizor,"{'stage': 2, 'evolves_to': [{'name': 'Mega Scizor', 'method': 'mega_evolution', 'requirement': 'Scizorite'}], 'evolves_from': 'Scyther'}"
Mega Scizor,"{'stage': 'mega', 'evolves_from': 'Scizor'}"
Shuckle,"{'stage': 1, 'evolves_to': []}"
Heracross,"{'stage': 1, 'evolves_to': [{'name': 'Mega Heracross', 'method': 'mega_evolution', 'requirement': 'Heracronite'}]}"
Mega Heracross,"{'stage': 'mega', 'evolves_from': 'Heracross'}"
Sneasel,"{'stage': 1, 'evolves_to': [{'name': 'Weavile', 'method': 'item', 'requirement': 'Level up holding Razor Claw at night'}, {'name': 'Sneasler', 'method': 'item', 'requirement': 'Level up holding Razor Claw during day in Hisui'}]}"
Teddiursa,"{'stage': 1, 'evolves_to': [{'name': 'Ursaring', 'method': 'level', 'requirement': '30'}]}"
Ursaring,"{'stage': 2, 'evolves_to': [{'name': 'Ursaluna', 'method': 'item', 'requirement': 'Peat Block during full moon'}], 'evolves_from': 'Teddiursa'}"
Slugma,"{'stage': 1, 'evolves_to': [{'name': 'Magcargo', 'method': 'level', 'requirement': '38'}]}"
Magcargo,"{'stage': 2, 'evolves_from': 'Slugma'}"
Swinub,"{'stage': 1, 'evolves_to': [{'name': 'Piloswine', 'method': 'level', 'requirement': '33'}]}"
Piloswine,"{'stage': 2, 'evolves_to': [{'name': 'Mamoswine', 'method': 'move', 'requirement': 'Level up knowing Ancient Power'}], 'evolves_from': 'Swinub'}"
Corsola,"{'stage': 1, 'evolves_to': []}"
Galarian Corsola,"{'stage': 1, 'evolves_to': [{'name': 'Cursola', 'method': 'level', 'requirement': '38'}]}"
Remoraid,"{'stage': 1, 'evolves_to': [{'name': 'Octillery', 'method': 'level', 'requirement': '25'}]}"
Octillery,"{'stage': 2, 'evolves_from': 'Remoraid'}"
Delibird,"{'stage': 1, 'evolves_to': []}"
Mantine,"{'stage': 1, 'evolves_from': 'Mantyke'}"
Skarmory,"{'stage': 1, 'evolves_to': []}"
Houndour,"{'stage': 1, 'evolves_to': [{'name': 'Houndoom', 'method': 'level', 'requirement': '24'}]}"
Houndoom,"{'stage': 2, 'evolves_to': [{'name': 'Mega Houndoom', 'method': 'mega_evolution', 'requirement': 'Houndoominite'}], 'evolves_from': 'Houndour'}"
Mega Houndoom,"{'stage': 'mega', 'evolves_from': 'Houndoom'}"
Kingdra,"{'stage': 3, 'evolves_from': 'Seadra'}"
Phanpy,"{'stage': 1, 'evolves_to': [{'name': 'Donphan', 'method': 'level', 'requirement': '25'}]}"
Donphan,"{'stage': 2, 'evolves_from': 'Phanpy'}"
Porygon2,"{'stage': 2, 'evolves_to': [{'name': 'Porygon-Z', 'method': 'trade', 'requirement': 'Dubious Disc'}], 'evolves_from': 'Porygon'}"
Stantler,"{'stage': 1, 'evolves_to': [{'name': 'Wyrdeer', 'method': 'move', 'requirement': 'Use Psyshield Bash 20 times in Strong Style'}]}"
Smeargle,"{'stage': 1, 'evolves_to': []}"
Tyrogue,"{'stage': 'baby', 'evolves_to': [{'name': 'Hitmonlee', 'method': 'level', 'requirement': '20', 'condition': 'Attack > Defense'}, {'name': 'Hitmonchan', 'method': 'level', 'requirement': '20', 'condition': 'Attack < Defense'}, {'name': 'Hitmontop', 'method': 'level', 'requirement': '20', 'condition': 'Attack = Defense'}]}"
Hitmontop,"{'stage': 1, 'evolves_from': 'Tyrogue'}"
Smoochum,"{'stage': 'baby', 'evolves_to': [{'name': 'Jynx', 'method': 'level', 'requirement': '30'}]}"
Elekid,"{'stage': 'baby', 'evolves_to': [{'name': 'Electabuzz', 'method': 'level', 'requirement': '30'}]}"
Magby,"{'stage': 'baby', 'evolves_to': [{'name': 'Magmar', 'method': 'level', 'requirement': '30'}]}"
Miltank,"{'stage': 1, 'evolves_to': []}"
Blissey,"{'stage': 2, 'evolves_from': 'Chansey'}"
Raikou,"{'stage': 1, 'evolves_to': []}"
Entei,"{'stage': 1, 'evolves_to': []}"
Suicune,"{'stage': 1, 'evolves_to': []}"
Larvitar,"{'stage': 1, 'evolves_to': [{'name': 'Pupitar', 'method': 'level', 'requirement': '30'}]}"
Pupitar,"{'stage': 2, 'evolves_to': [{'name': 'Tyranitar', 'method': 'level', 'requirement': '55'}], 'evolves_from': 'Larvitar'}"
Tyranitar,"{'stage': 3, 'evolves_to': [{'name': 'Mega Tyranitar', 'method': 'mega_evolution', 'requirement': 'Tyranitarite'}], 'evolves_from': 'Pupitar'}"
Mega Tyranitar,"{'stage': 'mega', 'evolves_from': 'Tyranitar'}"
Lugia,"{'stage': 1, 'evolves_to': []}"
Ho-Oh,"{'stage': 1, 'evolves_to': []}"
Celebi,"{'stage': 1, 'evolves_to': []}"
Treecko,"{'stage': 1, 'evolves_to': [{'name': 'Grovyle', 'method': 'level', 'requirement': '16'}]}"
Grovyle,"{'stage': 2, 'evolves_to': [{'name': 'Sceptile', 'method': 'level', 'requirement': '36'}], 'evolves_from': 'Treecko'}"
Sceptile,"{'stage': 3, 'evolves_to': [{'name': 'Mega Sceptile', 'method': 'mega_evolution', 'requirement': 'Sceptilite'}], 'evolves_from': 'Grovyle'}"
Mega Sceptile,"{'stage': 'mega', 'evolves_from': 'Sceptile'}"
Torchic,"{'stage': 1, 'evolves_to': [{'name': 'Combusken', 'method': 'level', 'requirement': '16'}]}"
Combusken,"{'stage': 2, 'evolves_to': [{'name': 'Blaziken', 'method': 'level', 'requirement': '36'}], 'evolves_from': 'Torchic'}"
Blaziken,"{'stage': 3, 'evolves_to': [{'name': 'Mega Blaziken', 'method': 'mega_evolution', 'requirement': 'Blazikenite'}], 'evolves_from': 'Combusken'}"
Mega Blaziken,"{'stage': 'mega', 'evolves_from': 'Blaziken'}"
Mudkip,"{'stage': 1, 'evolves_to': [{'name': 'Marshtomp', 'method': 'level', 'requirement': '16'}]}"
Marshtomp,"{'stage': 2, 'evolves_to': [{'name': 'Swampert', 'method': 'level', 'requirement': '36'}], 'evolves_from': 'Mudkip'}"
Swampert,"{'stage': 3, 'evolves_to': [{'name': 'Mega Swampert', 'method': 'mega_evolution', 'requirement': 'Swampertite'}], 'evolves_from': 'Marshtomp'}"
Mega Swampert,"{'stage': 'mega', 'evolves_from': 'Swampert'}"
Poochyena,"{'stage': 1, 'evolves_to': [{'name': 'Mightyena', 'method': 'level', 'requirement': '18'}]}"
Mightyena,"{'stage': 2, 'evolves_from': 'Poochyena'}"
Zigzagoon,"{'stage': 1, 'evolves_to': [{'name': 'Linoone', 'method': 'level', 'requirement': '20'}]}"
Galarian Zigzagoon,"{'stage': 1, 'evolves_to': [{'name': 'Galarian Linoone', 'method': 'level', 'requirement': '20'}]}"
Linoone,"{'stage': 2, 'evolves_from': 'Zigzagoon'}"
Galarian Linoone,"{'stage': 2, 'evolves_to': [{'name': 'Obstagoon', 'method': 'level', 'requirement': '35', 'condition': 'night_time'}], 'evolves_from': 'Galarian Zigzagoon'}"
Wurmple,"{'stage': 1, 'evolves_to': [{'name': 'Silcoon', 'method': 'level', 'requirement': '7', 'condition': 'personality_value_0-4'}, {'name': 'Cascoon', 'method': 'level', 'requirement': '7', 'condition': 'personality_value_5-9'}]}"
Silcoon,"{'stage': 2, 'evolves_to': [{'name': 'Beautifly', 'method': 'level', 'requirement': '10'}], 'evolves_from': 'Wurmple'}"
Beautifly,"{'stage': 3, 'evolves_from': 'Silcoon'}"
Cascoon,"{'stage': 2, 'evolves_to': [{'name': 'Dustox', 'method': 'level', 'requirement': '10'}], 'evolves_from': 'Wurmple'}"
Dustox,"{'stage': 3, 'evolves_from': 'Cascoon'}"
Lotad,"{'stage': 1, 'evolves_to': [{'name': 'Lombre', 'method': 'level', 'requirement': '14'}]}"
Lombre,"{'stage': 2, 'evolves_to': [{'name': 'Ludicolo', 'method': 'stone', 'requirement': 'Water Stone'}], 'evolves_from': 'Lotad'}"
Ludicolo,"{'stage': 3, 'evolves_from': 'Lombre'}"
Seedot,"{'stage': 1, 'evolves_to': [{'name': 'Nuzleaf', 'method': 'level', 'requirement': '14'}]}"
Nuzleaf,"{'stage': 2, 'evolves_to': [{'name': 'Shiftry', 'method': 'stone', 'requirement': 'Leaf Stone'}], 'evolves_from': 'Seedot'}"
Shiftry,"{'stage': 3, 'evolves_from': 'Nuzleaf'}"
Taillow,"{'stage': 1, 'evolves_to': [{'name': 'Swellow', 'method': 'level', 'requirement': '22'}]}"
Swellow,"{'stage': 2, 'evolves_from': 'Taillow'}"
Wingull,"{'stage': 1, 'evolves_to': [{'name': 'Pelipper', 'method': 'level', 'requirement': '25'}]}"
Pelipper,"{'stage': 2, 'evolves_from': 'Wingull'}"
Ralts,"{'stage': 1, 'evolves_to': [{'name': 'Kirlia', 'method': 'level', 'requirement': '20'}]}"
Kirlia,"{'stage': 2, 'evolves_to': [{'name': 'Gardevoir', 'method': 'level', 'requirement': '30'}, {'name': 'Gallade', 'method': 'stone', 'requirement': 'Dawn Stone', 'condition': 'male_only'}], 'evolves_from': 'Ralts'}"
Gardevoir,"{'stage': 3, 'evolves_to': [{'name': 'Mega Gardevoir', 'method': 'mega_evolution', 'requirement': 'Gardevoirite'}], 'evolves_from': 'Kirlia'}"
Mega Gardevoir,"{'stage': 'mega', 'evolves_from': 'Gardevoir'}"
Surskit,"{'stage': 1, 'evolves_to': [{'name': 'Masquerain', 'method': 'level', 'requirement': '22'}]}"
Masquerain,"{'stage': 2, 'evolves_from': 'Surskit'}"
Shroomish,"{'stage': 1, 'evolves_to': [{'name': 'Breloom', 'method': 'level', 'requirement': '23'}]}"
Breloom,"{'stage': 2, 'evolves_from': 'Shroomish'}"
Slakoth,"{'stage': 1, 'evolves_to': [{'name': 'Vigoroth', 'method': 'level', 'requirement': '18'}]}"
Vigoroth,"{'stage': 2, 'evolves_to': [{'name': 'Slaking', 'method': 'level', 'requirement': '36'}], 'evolves_from': 'Slakoth'}"
Slaking,"{'stage': 3, 'evolves_from': 'Vigoroth'}"
Nincada,"{'stage': 1, 'evolves_to': [{'name': 'Ninjask', 'method': 'level', 'requirement': '20'}, {'name': 'Shedinja', 'method': 'special', 'requirement': 'Level Nincada to 20 with empty party slot and Poké Ball'}]}"
Ninjask,"{'stage': 2, 'evolves_from': 'Nincada'}"
Shedinja,"{'stage': 2, 'evolves_from': 'Nincada'}"
Whismur,"{'stage': 1, 'evolves_to': [{'name': 'Loudred', 'method': 'level', 'requirement': '20'}]}"
Loudred,"{'stage': 2, 'evolves_to': [{'name': 'Exploud', 'method': 'level', 'requirement': '40'}], 'evolves_from': 'Whismur'}"
Exploud,"{'stage': 3, 'evolves_from': 'Loudred'}"
Makuhita,"{'stage': 1, 'evolves_to': [{'name': 'Hariyama', 'method': 'level', 'requirement': '24'}]}"
Hariyama,"{'stage': 2, 'evolves_from': 'Makuhita'}"
Azurill,"{'stage': 'baby', 'evolves_to': [{'name': 'Marill', 'method': 'friendship', 'requirement': 'high_friendship'}]}"
Nosepass,"{'stage': 1, 'evolves_to': [{'name': 'Probopass', 'method': 'level', 'requirement': 'Special magnetic field'}]}"
Skitty,"{'stage': 1, 'evolves_to': [{'name': 'Delcatty', 'method': 'stone', 'requirement': 'Moon Stone'}]}"
Delcatty,"{'stage': 2, 'evolves_from': 'Skitty'}"
Sableye,"{'stage': 1, 'evolves_to': [{'name': 'Mega Sableye', 'method': 'mega_evolution', 'requirement': 'Sablenite'}]}"
Mega Sableye,"{'stage': 'mega', 'evolves_from': 'Sableye'}"
Mawile,"{'stage': 1, 'evolves_to': [{'name': 'Mega Mawile', 'method': 'mega_evolution', 'requirement': 'Mawilite'}]}"
Mega Mawile,"{'stage': 'mega', 'evolves_from': 'Mawile'}"
Aron,"{'stage': 1, 'evolves_to': [{'name': 'Lairon', 'method': 'level', 'requirement': '32'}]}"
Lairon,"{'stage': 2, 'evolves_to': [{'name': 'Aggron', 'method': 'level', 'requirement': '42'}], 'evolves_from': 'Aron'}"
Aggron,"{'stage': 3, 'evolves_to': [{'name': 'Mega Aggron', 'method': 'mega_evolution', 'requirement': 'Aggronite'}], 'evolves_from': 'Lairon'}"
Mega Aggron,"{'stage': 'mega', 'evolves_from': 'Aggron'}"
Meditite,"{'stage': 1, 'evolves_to': [{'name': 'Medicham', 'method': 'level', 'requirement': '37'}]}"
Medicham,"{'stage': 2, 'evolves_to': [{'name': 'Mega Medicham', 'method': 'mega_evolution', 'requirement': 'Medichamite'}], 'evolves_from': 'Meditite'}"
Mega Medicham,"{'stage': 'mega', 'evolves_from': 'Medicham'}"
Electrike,"{'stage': 1, 'evolves_to': [{'name': 'Manectric', 'method': 'level', 'requirement': '26'}]}"
Manectric,"{'stage': 2, 'evolves_to': [{'name': 'Mega Manectric', 'method': 'mega_evolution', 'requirement': 'Manectite'}], 'evolves_from': 'Electrike'}"
Mega Manectric,"{'stage': 'mega', 'evolves_from': 'Manectric'}"
Plusle,"{'stage': 1, 'evolves_to': []}"
Minun,"{'stage': 1, 'evolves_to': []}"
Volbeat,"{'stage': 1, 'evolves_to': []}"
Illumise,"{'stage': 1, 'evolves_to': []}"
Roselia,"{'stage': 1, 'evolves_to': [{'name': 'Roserade', 'method': 'stone', 'requirement': 'Shiny Stone'}], 'evolves_from': 'Budew'}"
Gulpin,"{'stage': 1, 'evolves_to': [{'name': 'Swalot', 'method': 'level', 'requirement': '26'}]}"
Swalot,"{'stage': 2, 'evolves_from': 'Gulpin'}"
Carvanha,"{'stage': 1, 'evolves_to': [{'name': 'Sharpedo', 'method': 'level', 'requirement': '30'}]}"
Sharpedo,"{'stage': 2, 'evolves_to': [{'name': 'Mega Sharpedo', 'method': 'mega_evolution', 'requirement': 'Sharpedonite'}], 'evolves_from': 'Carvanha'}"
Mega Sharpedo,"{'stage': 'mega', 'evolves_from': 'Sharpedo'}"
Wailmer,"{'stage': 1, 'evolves_to': [{'name': 'Wailord', 'method': 'level', 'requirement': '40'}]}"
Wailord,"{'stage': 2, 'evolves_from': 'Wailmer'}"
Numel,"{'stage': 1, 'evolves_to': [{'name': 'Camerupt', 'method': 'level', 'requirement': '33'}]}"
Camerupt,"{'stage': 2, 'evolves_to': [{'name': 'Mega Camerupt', 'method': 'mega_evolution', 'requirement': 'Cameruptite'}], 'evolves_from': 'Numel'}"
Mega Camerupt,"{'stage': 'mega', 'evolves_from': 'Camerupt'}"
Torkoal,"{'stage': 1, 'evolves_to': []}"
Spoink,"{'stage': 1, 'evolves_to': [{'name': 'Grumpig', 'method': 'level', 'requirement': '32'}]}"
Grumpig,"{'stage': 2, 'evolves_from': 'Spoink'}"
Spinda,"{'stage': 1, 'evolves_to': []}"
Trapinch,"{'stage': 1, 'evolves_to': [{'name': 'Vibrava', 'method': 'level', 'requirement': '35'}]}"
Vibrava,"{'stage': 2, 'evolves_to': [{'name': 'Flygon', 'method': 'level', 'requirement': '45'}], 'evolves_from': 'Trapinch'}"
Flygon,"{'stage': 3, 'evolves_from': 'Vibrava'}"
Cacnea,"{'stage': 1, 'evolves_to': [{'name': 'Cacturne', 'method': 'level', 'requirement': '32'}]}"
Cacturne,"{'stage': 2, 'evolves_from': 'Cacnea'}"
Swablu,"{'stage': 1, 'evolves_to': [{'name': 'Altaria', 'method': 'level', 'requirement': '35'}]}"
Altaria,"{'stage': 2, 'evolves_to': [{'name': 'Mega Altaria', 'method': 'mega_evolution', 'requirement': 'Altarianite'}], 'evolves_from': 'Swablu'}"
Mega Altaria,"{'stage': 'mega', 'evolves_from': 'Altaria'}"
Zangoose,"{'stage': 1, 'evolves_to': []}"
Seviper,"{'stage': 1, 'evolves_to': []}"
Lunatone,"{'stage': 1, 'evolves_to': []}"
Solrock,"{'stage': 1, 'evolves_to': []}"
Barboach,"{'stage': 1, 'evolves_to': [{'name': 'Whiscash', 'method': 'level', 'requirement': '30'}]}"
Whiscash,"{'stage': 2, 'evolves_from': 'Barboach'}"
Corphish,"{'stage': 1, 'evolves_to': [{'name': 'Crawdaunt', 'method': 'level', 'requirement': '30'}]}"
Crawdaunt,"{'stage': 2, 'evolves_from': 'Corphish'}"
Baltoy,"{'stage': 1, 'evolves_to': [{'name': 'Claydol', 'method': 'level', 'requirement': '36'}]}"
Claydol,"{'stage': 2, 'evolves_from': 'Baltoy'}"
Lileep,"{'stage': 1, 'evolves_to': [{'name': 'Cradily', 'method': 'level', 'requirement': '40'}]}"
Cradily,"{'stage': 2, 'evolves_from': 'Lileep'}"
Anorith,"{'stage': 1, 'evolves_to': [{'name': 'Armaldo', 'method': 'level', 'requirement': '40'}]}"
Armaldo,"{'stage': 2, 'evolves_from': 'Anorith'}"
Feebas,"{'stage': 1, 'evolves_to': [{'name': 'Milotic', 'method': 'beauty', 'requirement': 'Max Beauty and level up'}, {'name': 'Milotic', 'method': 'trade', 'requirement': 'Trade holding Prism Scale'}]}"
Milotic,"{'stage': 2, 'evolves_from': 'Feebas'}"
Castform,"{'stage': 1, 'evolves_to': []}"
Kecleon,"{'stage': 1, 'evolves_to': []}"
Shuppet,"{'stage': 1, 'evolves_to': [{'name': 'Banette', 'method': 'level', 'requirement': '37'}]}"
Banette,"{'stage': 2, 'evolves_to': [{'name': 'Mega Banette', 'method': 'mega_evolution', 'requirement': 'Banettite'}], 'evolves_from': 'Shuppet'}"
Mega Banette,"{'stage': 'mega', 'evolves_from': 'Banette'}"
Duskull,"{'stage': 1, 'evolves_to': [{'name': 'Dusclops', 'method': 'level', 'requirement': '37'}]}"
Dusclops,"{'stage': 2, 'evolves_to': [{'name': 'Dusknoir', 'method': 'trade', 'requirement': 'Trade holding Reaper Cloth'}], 'evolves_from': 'Duskull'}"
Tropius,"{'stage': 1, 'evolves_to': []}"
Chimecho,"{'stage': 1, 'evolves_from': 'Chingling'}"
Absol,"{'stage': 1, 'evolves_to': [{'name': 'Mega Absol', 'method': 'mega_evolution', 'requirement': 'Absolite'}]}"
Mega Absol,"{'stage': 'mega', 'evolves_from': 'Absol'}"
Wynaut,"{'stage': 'baby', 'evolves_to': [{'name': 'Wobbuffet', 'method': 'level', 'requirement': '15'}]}"
Snorunt,"{'stage': 1, 'evolves_to': [{'name': 'Glalie', 'method': 'level', 'requirement': '42'}, {'name': 'Froslass', 'method': 'stone', 'requirement': 'Dawn Stone', 'condition': 'female_only'}]}"
Glalie,"{'stage': 2, 'evolves_to': [{'name': 'Mega Glalie', 'method': 'mega_evolution', 'requirement': 'Glalitite'}], 'evolves_from': 'Snorunt'}"
Mega Glalie,"{'stage': 'mega', 'evolves_from': 'Glalie'}"
Spheal,"{'stage': 1, 'evolves_to': [{'name': 'Sealeo', 'method': 'level', 'requirement': '32'}]}"
Sealeo,"{'stage': 2, 'evolves_to': [{'name': 'Walrein', 'method': 'level', 'requirement': '44'}], 'evolves_from': 'Spheal'}"
Walrein,"{'stage': 3, 'evolves_from': 'Sealeo'}"
Clamperl,"{'stage': 1, 'evolves_to': [{'name': 'Huntail', 'method': 'trade', 'requirement': 'Trade holding Deep Sea Tooth'}, {'name': 'Gorebyss', 'method': 'trade', 'requirement': 'Trade holding Deep Sea Scale'}]}"
Huntail,"{'stage': 2, 'evolves_from': 'Clamperl'}"
Gorebyss,"{'stage': 2, 'evolves_from': 'Clamperl'}"
Relicanth,"{'stage': 1, 'evolves_to': []}"
Luvdisc,"{'stage': 1, 'evolves_to': []}"
Bagon,"{'stage': 1, 'evolves_to': [{'name': 'Shelgon', 'method': 'level', 'requirement': '30'}]}"
Shelgon,"{'stage': 2, 'evolves_to': [{'name': 'Salamence', 'method': 'level', 'requirement': '50'}], 'evolves_from': 'Bagon'}"
Salamence,"{'stage': 3, 'evolves_to': [{'name': 'Mega Salamence', 'method': 'mega_evolution', 'requirement': 'Salamencite'}], 'evolves_from': 'Shelgon'}"
Mega Salamence,"{'stage': 'mega', 'evolves_from': 'Salamence'}"
Beldum,"{'stage': 1, 'evolves_to': [{'name': 'Metang', 'method': 'level', 'requirement': '20'}]}"
Metang,"{'stage': 2, 'evolves_to': [{'name': 'Metagross', 'method': 'level', 'requirement': '45'}], 'evolves_from': 'Beldum'}"
Metagross,"{'stage': 3, 'evolves_to': [{'name': 'Mega Metagross', 'method': 'mega_evolution', 'requirement': 'Metagrossite'}], 'evolves_from': 'Metang'}"
Mega Metagross,"{'stage': 'mega', 'evolves_from': 'Metagross'}"
Regirock,"{'stage': 1, 'evolves_to': []}"
Regice,"{'stage': 1, 'evolves_to': []}"
Registeel,"{'stage': 1, 'evolves_to': []}"
Latias,"{'stage': 1, 'evolves_to': [{'name': 'Mega Latias', 'method': 'mega_evolution', 'requirement': 'Latiasite'}]}"
Mega Latias,"{'stage': 'mega', 'evolves_from': 'Latias'}"
Latios,"{'stage': 1, 'evolves_to': [{'name': 'Mega Latios', 'method': 'mega_evolution', 'requirement': 'Latiosite'}]}"
Mega Latios,"{'stage': 'mega', 'evolves_from': 'Latios'}"
Kyogre,"{'stage': 1, 'evolves_to': [{'name': 'Primal Kyogre', 'method': 'primal_reversion', 'requirement': 'Blue Orb'}]}"
Primal Kyogre,"{'stage': 'primal', 'evolves_from': 'Kyogre'}"
Groudon,"{'stage': 1, 'evolves_to': [{'name': 'Primal Groudon', 'method': 'primal_reversion', 'requirement': 'Red Orb'}]}"
Primal Groudon,"{'stage': 'primal', 'evolves_from': 'Groudon'}"
Rayquaza,"{'stage': 1, 'evolves_to': [{'name': 'Mega Rayquaza', 'method': 'move', 'requirement': 'Knows Dragon Ascent'}]}"
Mega Rayquaza,"{'stage': 'mega', 'evolves_from': 'Rayquaza'}"
Jirachi,"{'stage': 1, 'evolves_to': []}"
Deoxys Normal Form,"{'stage': 1, 'evolves_to': []}"
Deoxys Defense Form,"{'stage': 1, 'evolves_to': []}"
Deoxys Attack Form,"{'stage': 1, 'evolves_to': []}"
Deoxys Speed Form,"{'stage': 1, 'evolves_to': []}"
Turtwig,"{'stage': 1, 'evolves_to': [{'name': 'Grotle', 'method': 'level', 'requirement': '18'}]}"
Grotle,"{'stage': 2, 'evolves_to': [{'name': 'Torterra', 'method': 'level', 'requirement': '32'}], 'evolves_from': 'Turtwig'}"
Torterra,"{'stage': 3, 'evolves_from': 'Grotle'}"
Chimchar,"{'stage': 1, 'evolves_to': [{'name': 'Monferno', 'method': 'level', 'requirement': '14'}]}"
Monferno,"{'stage': 2, 'evolves_to': [{'name': 'Infernape', 'method': 'level', 'requirement': '36'}], 'evolves_from': 'Chimchar'}"
Infernape,"{'stage': 3, 'evolves_from': 'Monferno'}"
Piplup,"{'stage': 1, 'evolves_to': [{'name': 'Prinplup', 'method': 'level', 'requirement': '16'}]}"
Prinplup,"{'stage': 2, 'evolves_to': [{'name': 'Empoleon', 'method': 'level', 'requirement': '36'}], 'evolves_from': 'Piplup'}"
Empoleon,"{'stage': 3, 'evolves_from': 'Prinplup'}"
Starly,"{'stage': 1, 'evolves_to': [{'name': 'Staravia', 'method': 'level', 'requirement': '14'}]}"
Staravia,"{'stage': 2, 'evolves_to': [{'name': 'Staraptor', 'method': 'level', 'requirement': '34'}], 'evolves_from': 'Starly'}"
Staraptor,"{'stage': 3, 'evolves_from': 'Staravia'}"
Bidoof,"{'stage': 1, 'evolves_to': [{'name': 'Bibarel', 'method': 'level', 'requirement': '15'}]}"
Bibarel,"{'stage': 2, 'evolves_from': 'Bidoof'}"
Kricketot,"{'stage': 1, 'evolves_to': [{'name': 'Kricketune', 'method': 'level', 'requirement': '10'}]}"
Kricketune,"{'stage': 2, 'evolves_from': 'Kricketot'}"
Shinx,"{'stage': 1, 'evolves_to': [{'name': 'Luxio', 'method': 'level', 'requirement': '15'}]}"
Luxio,"{'stage': 2, 'evolves_to': [{'name': 'Luxray', 'method': 'level', 'requirement': '30'}], 'evolves_from': 'Shinx'}"
Luxray,"{'stage': 3, 'evolves_from': 'Luxio'}"
Budew,"{'stage': 'baby', 'evolves_to': [{'name': 'Roselia', 'method': 'friendship', 'requirement': 'high_friendship_during_day'}]}"
Roserade,"{'stage': 2, 'evolves_from': 'Roselia'}"
Cranidos,"{'stage': 1, 'evolves_to': [{'name': 'Rampardos', 'method': 'level', 'requirement': '30'}]}"
Rampardos,"{'stage': 2, 'evolves_from': 'Cranidos'}"
Shieldon,"{'stage': 1, 'evolves_to': [{'name': 'Bastiodon', 'method': 'level', 'requirement': '30'}]}"
Bastiodon,"{'stage': 2, 'evolves_from': 'Shieldon'}"
Burmy,"{'stage': 1, 'evolves_to': [{'name': 'Wormadam Plant Cloak', 'method': 'level', 'requirement': '20', 'condition': 'female_only'}, {'name': 'Mothim', 'method': 'level', 'requirement': '20', 'condition': 'male_only'}]}"
Wormadam Plant Cloak,"{'stage': 2, 'evolves_from': 'Burmy'}"
Wormadam Sandy Cloak,"{'stage': 2, 'evolves_from': 'Burmy'}"
Wormadam Trash Cloak,"{'stage': 2, 'evolves_from': 'Burmy'}"
Mothim,"{'stage': 2, 'evolves_from': 'Burmy'}"
Combee,"{'stage': 1, 'evolves_to': [{'name': 'Vespiquen', 'method': 'level', 'requirement': '21', 'condition': 'female_only'}]}"
Vespiquen,"{'stage': 2, 'evolves_from': 'Combee'}"
Pachirisu,"{'stage': 1, 'evolves_to': []}"
Buizel,"{'stage': 1, 'evolves_to': [{'name': 'Floatzel', 'method': 'level', 'requirement': '26'}]}"
Floatzel,"{'stage': 2, 'evolves_from': 'Buizel'}"
Cherubi,"{'stage': 1, 'evolves_to': [{'name': 'Cherrim', 'method': 'level', 'requirement': '25'}]}"
Cherrim,"{'stage': 2, 'evolves_from': 'Cherubi'}"
Shellos,"{'stage': 1, 'evolves_to': [{'name': 'Gastrodon', 'method': 'level', 'requirement': '30'}]}"
Gastrodon,"{'stage': 2, 'evolves_from': 'Shellos'}"
Ambipom,"{'stage': 2, 'evolves_from': 'Aipom'}"
Drifloon,"{'stage': 1, 'evolves_to': [{'name': 'Drifblim', 'method': 'level', 'requirement': '28'}]}"
Drifblim,"{'stage': 2, 'evolves_from': 'Drifloon'}"
Buneary,"{'stage': 1, 'evolves_to': [{'name': 'Lopunny', 'method': 'friendship', 'requirement': 'high_friendship'}]}"
Lopunny,"{'stage': 2, 'evolves_to': [{'name': 'Mega Lopunny', 'method': 'mega_evolution', 'requirement': 'Lopunnite'}], 'evolves_from': 'Buneary'}"
Mega Lopunny,"{'stage': 'mega', 'evolves_from': 'Lopunny'}"
Mismagius,"{'stage': 2, 'evolves_from': 'Misdreavus'}"
Honchkrow,"{'stage': 2, 'evolves_from': 'Murkrow'}"
Glameow,"{'stage': 1, 'evolves_to': [{'name': 'Purugly', 'method': 'level', 'requirement': '38'}]}"
Purugly,"{'stage': 2, 'evolves_from': 'Glameow'}"
Chingling,"{'stage': 'baby', 'evolves_to': [{'name': 'Chimecho', 'method': 'friendship', 'requirement': 'high_friendship_at_night'}]}"
Stunky,"{'stage': 1, 'evolves_to': [{'name': 'Skuntank', 'method': 'level', 'requirement': '34'}]}"
Skuntank,"{'stage': 2, 'evolves_from': 'Stunky'}"
Bronzor,"{'stage': 1, 'evolves_to': [{'name': 'Bronzong', 'method': 'level', 'requirement': '33'}]}"
Bronzong,"{'stage': 2, 'evolves_from': 'Bronzor'}"
Bonsly,"{'stage': 'baby', 'evolves_to': [{'name': 'Sudowoodo', 'method': 'move', 'requirement': 'Level up knowing Mimic'}]}"
Mime Jr.,"{'stage': 'baby', 'evolves_to': [{'name': 'Mr. Mime', 'method': 'move', 'requirement': 'Level up knowing Mimic'}, {'name': 'Galarian Mr. Mime', 'method': 'move', 'requirement': 'Level up knowing Mimic in Galar'}]}"
Happiny,"{'stage': 'baby', 'evolves_to': [{'name': 'Chansey', 'method': 'item', 'requirement': 'Level up holding Oval Stone during day'}]}"
Chatot,"{'stage': 1, 'evolves_to': []}"
Spiritomb,"{'stage': 1, 'evolves_to': []}"
Gible,"{'stage': 1, 'evolves_to': [{'name': 'Gabite', 'method': 'level', 'requirement': '24'}]}"
Gabite,"{'stage': 2, 'evolves_to': [{'name': 'Garchomp', 'method': 'level', 'requirement': '48'}], 'evolves_from': 'Gible'}"
Garchomp,"{'stage': 3, 'evolves_to': [{'name': 'Mega Garchomp', 'method': 'mega_evolution', 'requirement': 'Garchompite'}], 'evolves_from': 'Gabite'}"
Mega Garchomp,"{'stage': 'mega', 'evolves_from': 'Garchomp'}"
Munchlax,"{'stage': 'baby', 'evolves_to': [{'name': 'Snorlax', 'method': 'friendship', 'requirement': 'high_friendship'}]}"
Riolu,"{'stage': 'baby', 'evolves_to': [{'name': 'Lucario', 'method': 'friendship', 'requirement': 'high_friendship_during_day'}]}"
Lucario,"{'stage': 1, 'evolves_to': [{'name': 'Mega Lucario', 'method': 'mega_evolution', 'requirement': 'Lucarionite'}], 'evolves_from': 'Riolu'}"
Mega Lucario,"{'stage': 'mega', 'evolves_from': 'Lucario'}"
Hippopotas,"{'stage': 1, 'evolves_to': [{'name': 'Hippowdon', 'method': 'level', 'requirement': '34'}]}"
Hippowdon,"{'stage': 2, 'evolves_from': 'Hippopotas'}"
Skorupi,"{'stage': 1, 'evolves_to': [{'name': 'Drapion', 'method': 'level', 'requirement': '40'}]}"
Drapion,"{'stage': 2, 'evolves_from': 'Skorupi'}"
Croagunk,"{'stage': 1, 'evolves_to': [{'name': 'Toxicroak', 'method': 'level', 'requirement': '37'}]}"
Toxicroak,"{'stage': 2, 'evolves_from': 'Croagunk'}"
Carnivine,"{'stage': 1, 'evolves_to': []}"
Finneon,"{'stage': 1, 'evolves_to': [{'name': 'Lumineon', 'method': 'level', 'requirement': '31'}]}"
Lumineon,"{'stage': 2, 'evolves_from': 'Finneon'}"
Mantyke,"{'stage': 'baby', 'evolves_to': [{'name': 'Mantine', 'method': 'level', 'requirement': 'Level up with Remoraid in party'}]}"
Snover,"{'stage': 1, 'evolves_to': [{'name': 'Abomasnow', 'method': 'level', 'requirement': '40'}]}"
Abomasnow,"{'stage': 2, 'evolves_to': [{'name': 'Mega Abomasnow', 'method': 'mega_evolution', 'requirement': 'Abomasite'}], 'evolves_from': 'Snover'}"
Mega Abomasnow,"{'stage': 'mega', 'evolves_from': 'Abomasnow'}"
Weavile,"{'stage': 2, 'evolves_from': 'Sneasel'}"
Magnezone,"{'stage': 3, 'evolves_from': 'Magneton'}"
Lickilicky,"{'stage': 2, 'evolves_from': 'Lickitung'}"
Rhyperior,"{'stage': 3, 'evolves_from': 'Rhydon'}"
Tangrowth,"{'stage': 2, 'evolves_from': 'Tangela'}"
Electivire,"{'stage': 2, 'evolves_from': 'Electabuzz'}"
Magmortar,"{'stage': 2, 'evolves_from': 'Magmar'}"
Togekiss,"{'stage': 2, 'evolves_from': 'Togetic'}"
Yanmega,"{'stage': 2, 'evolves_from': 'Yanma'}"
Leafeon,"{'stage': 2, 'evolves_from': 'Eevee'}"
Glaceon,"{'stage': 2, 'evolves_from': 'Eevee'}"
Gliscor,"{'stage': 2, 'evolves_from': 'Gligar'}"
Mamoswine,"{'stage': 3, 'evolves_from': 'Piloswine'}"
Porygon-Z,"{'stage': 3, 'evolves_from': 'Porygon2'}"
Gallade,"{'stage': 3, 'evolves_to': [{'name': 'Mega Gallade', 'method': 'mega_evolution', 'requirement': 'Galladite'}], 'evolves_from': 'Kirlia'}"
Mega Gallade,"{'stage': 'mega', 'evolves_from': 'Gallade'}"
Probopass,"{'stage': 2, 'evolves_from': 'Nosepass'}"
Dusknoir,"{'stage': 3, 'evolves_from': 'Dusclops'}"
Froslass,"{'stage': 2, 'evolves_from': 'Snorunt'}"
Rotom,"{'stage': 1, 'evolves_to': []}"
Rotom-Wash,"{'stage': 1, 'evolves_to': []}"
Rotom-Heat,"{'stage': 1, 'evolves_to': []}"
Rotom-Mow,"{'stage': 1, 'evolves_to': []}"
Rotom-Frost,"{'stage': 1, 'evolves_to': []}"
Rotom-Fan,"{'stage': 1, 'evolves_to': []}"
Uxie,"{'stage': 1, 'evolves_to': []}"
Mesprit,"{'stage': 1, 'evolves_to': []}"
Azelf,"{'stage': 1, 'evolves_to': []}"
Dialga,"{'stage': 1, 'evolves_to': []}"
Palkia,"{'stage': 1, 'evolves_to': []}"
Heatran,"{'stage': 1, 'evolves_to': []}"
Regigigas,"{'stage': 1, 'evolves_to': []}"
Giratina,"{'stage': 1, 'evolves_to': []}"
Giratina-Origin,"{'stage': 1, 'evolves_to': []}"
Cresselia,"{'stage': 1, 'evolves_to': []}"
Phione,"{'stage': 1, 'evolves_to': []}"
Manaphy,"{'stage': 1, 'evolves_to': []}"
Darkrai,"{'stage': 1, 'evolves_to': []}"
Shaymin,"{'stage': 1, 'evolves_to': []}"
Shaymin-Sky,"{'stage': 1, 'evolves_to': []}"
Arceus,"{'stage': 1, 'evolves_to': []}"
Victini,"{'stage': 1, 'evolves_to': []}"
Snivy,"{'stage': 1, 'evolves_to': [{'name': 'Servine', 'method': 'level', 'requirement': '17'}]}"
Servine,"{'stage': 2, 'evolves_to': [{'name': 'Serperior', 'method': 'level', 'requirement': '36'}], 'evolves_from': 'Snivy'}"
Serperior,"{'stage': 3, 'evolves_from': 'Servine'}"
Tepig,"{'stage': 1, 'evolves_to': [{'name': 'Pignite', 'method': 'level', 'requirement': '17'}]}"
Pignite,"{'stage': 2, 'evolves_to': [{'name': 'Emboar', 'method': 'level', 'requirement': '36'}], 'evolves_from': 'Tepig'}"
Emboar,"{'stage': 3, 'evolves_from': 'Pignite'}"
Oshawott,"{'stage': 1, 'evolves_to': [{'name': 'Dewott', 'method': 'level', 'requirement': '17'}]}"
Dewott,"{'stage': 2, 'evolves_to': [{'name': 'Samurott', 'method': 'level', 'requirement': '36'}], 'evolves_from': 'Oshawott'}"
Samurott,"{'stage': 3, 'evolves_from': 'Dewott'}"
Patrat,"{'stage': 1, 'evolves_to': [{'name': 'Watchog', 'method': 'level', 'requirement': '20'}]}"
Watchog,"{'stage': 2, 'evolves_from': 'Patrat'}"
Lillipup,"{'stage': 1, 'evolves_to': [{'name': 'Herdier', 'method': 'level', 'requirement': '16'}]}"
Herdier,"{'stage': 2, 'evolves_to': [{'name': 'Stoutland', 'method': 'level', 'requirement': '32'}], 'evolves_from': 'Lillipup'}"
Stoutland,"{'stage': 3, 'evolves_from': 'Herdier'}"
Purrloin,"{'stage': 1, 'evolves_to': [{'name': 'Liepard', 'method': 'level', 'requirement': '20'}]}"
Liepard,"{'stage': 2, 'evolves_from': 'Purrloin'}"
Pansage,"{'stage': 1, 'evolves_to': [{'name': 'Simisage', 'method': 'stone', 'requirement': 'Leaf Stone'}]}"
Simisage,"{'stage': 2, 'evolves_from': 'Pansage'}"
Pansear,"{'stage': 1, 'evolves_to': [{'name': 'Simisear', 'method': 'stone', 'requirement': 'Fire Stone'}]}"
Simisear,"{'stage': 2, 'evolves_from': 'Pansear'}"
Panpour,"{'stage': 1, 'evolves_to': [{'name': 'Simipour', 'method': 'stone', 'requirement': 'Water Stone'}]}"
Simipour,"{'stage': 2, 'evolves_from': 'Panpour'}"
Munna,"{'stage': 1, 'evolves_to': [{'name': 'Musharna', 'method': 'stone', 'requirement': 'Moon Stone'}]}"
Musharna,"{'stage': 2, 'evolves_from': 'Munna'}"
Pidove,"{'stage': 1, 'evolves_to': [{'name': 'Tranquill', 'method': 'level', 'requirement': '21'}]}"
Tranquill,"{'stage': 2, 'evolves_to': [{'name': 'Unfezant', 'method': 'level', 'requirement': '32'}], 'evolves_from': 'Pidove'}"
Unfezant,"{'stage': 3, 'evolves_from': 'Tranquill'}"
Blitzle,"{'stage': 1, 'evolves_to': [{'name': 'Zebstrika', 'method': 'level', 'requirement': '27'}]}"
Zebstrika,"{'stage': 2, 'evolves_from': 'Blitzle'}"
Roggenrola,"{'stage': 1, 'evolves_to': [{'name': 'Boldore', 'method': 'level', 'requirement': '25'}]}"
Boldore,"{'stage': 2, 'evolves_to': [{'name': 'Gigalith', 'method': 'trade', 'requirement': 'Trade'}], 'evolves_from': 'Roggenrola'}"
Gigalith,"{'stage': 3, 'evolves_from': 'Boldore'}"
Woobat,"{'stage': 1, 'evolves_to': [{'name': 'Swoobat', 'method': 'friendship', 'requirement': 'high_friendship'}]}"
Swoobat,"{'stage': 2, 'evolves_from': 'Woobat'}"
Drilbur,"{'stage': 1, 'evolves_to': [{'name': 'Excadrill', 'method': 'level', 'requirement': '31'}]}"
Excadrill,"{'stage': 2, 'evolves_from': 'Drilbur'}"
Audino,"{'stage': 1, 'evolves_to': [{'name': 'Mega Audino', 'method': 'mega_evolution', 'requirement': 'Audinite'}]}"
Mega Audino,"{'stage': 'mega', 'evolves_from': 'Audino'}"
Timburr,"{'stage': 1, 'evolves_to': [{'name': 'Gurdurr', 'method': 'level', 'requirement': '25'}]}"
Gurdurr,"{'stage': 2, 'evolves_to': [{'name': 'Conkeldurr', 'method': 'trade', 'requirement': 'Trade'}], 'evolves_from': 'Timburr'}"
Conkeldurr,"{'stage': 3, 'evolves_from': 'Gurdurr'}"
Tympole,"{'stage': 1, 'evolves_to': [{'name': 'Palpitoad', 'method': 'level', 'requirement': '25'}]}"
Palpitoad,"{'stage': 2, 'evolves_to': [{'name': 'Seismitoad', 'method': 'level', 'requirement': '36'}], 'evolves_from': 'Tympole'}"
Seismitoad,"{'stage': 3, 'evolves_from': 'Palpitoad'}"
Throh,"{'stage': 1, 'evolves_to': []}"
Sawk,"{'stage': 1, 'evolves_to': []}"
Sewaddle,"{'stage': 1, 'evolves_to': [{'name': 'Swadloon', 'method': 'level', 'requirement': '20'}]}"
Swadloon,"{'stage': 2, 'evolves_to': [{'name': 'Leavanny', 'method': 'friendship', 'requirement': 'high_friendship'}], 'evolves_from': 'Sewaddle'}"
Leavanny,"{'stage': 3, 'evolves_from': 'Swadloon'}"
Venipede,"{'stage': 1, 'evolves_to': [{'name': 'Whirlipede', 'method': 'level', 'requirement': '22'}]}"
Whirlipede,"{'stage': 2, 'evolves_to': [{'name': 'Scolipede', 'method': 'level', 'requirement': '30'}], 'evolves_from': 'Venipede'}"
Scolipede,"{'stage': 3, 'evolves_from': 'Whirlipede'}"
Cottonee,"{'stage': 1, 'evolves_to': [{'name': 'Whimsicott', 'method': 'stone', 'requirement': 'Sun Stone'}]}"
Whimsicott,"{'stage': 2, 'evolves_from': 'Cottonee'}"
Petilil,"{'stage': 1, 'evolves_to': [{'name': 'Lilligant', 'method': 'stone', 'requirement': 'Sun Stone'}]}"
Lilligant,"{'stage': 2, 'evolves_from': 'Petilil'}"
Basculin,"{'stage': 1, 'evolves_to': [{'name': 'Basculegion', 'method': 'special', 'requirement': 'Use Wave Crash 294 recoil damage'}]}"
Sandile,"{'stage': 1, 'evolves_to': []}"
Krokorok,"{'stage': 1, 'evolves_to': []}"
Krookodile,"{'stage': 1, 'evolves_to': []}"
Darumaka,"{'stage': 1, 'evolves_to': []}"
Galarian Darumaka,"{'stage': 1, 'evolves_to': []}"
Darmanitan,"{'stage': 1, 'evolves_to': []}"
Darmanitan Zen-Mode,"{'stage': 1, 'evolves_to': []}"
Galarian Darmanitan,"{'stage': 1, 'evolves_to': []}"
Galarian Darmanitan Zen-Mode,"{'stage': 1, 'evolves_to': []}"
Maractus,"{'stage': 1, 'evolves_to': []}"
Dwebble,"{'stage': 1, 'evolves_to': []}"
Crustle,"{'stage': 1, 'evolves_to': []}"
Scraggy,"{'stage': 1, 'evolves_to': []}"
Scrafty,"{'stage': 1, 'evolves_to': []}"
Sigilyph,"{'stage': 1, 'evolves_to': []}"
Yamask,"{'stage': 1, 'evolves_to': []}"
Galarian Yamask,"{'stage': 1, 'evolves_to': []}"
Cofagrigus,"{'stage': 1, 'evolves_to': []}"
Tirtouga,"{'stage': 1, 'evolves_to': []}"
Carracosta,"{'stage': 1, 'evolves_to': []}"
Archen,"{'stage': 1, 'evolves_to': []}"
Archeops,"{'stage': 1, 'evolves_to': []}"
Trubbish,"{'stage': 1, 'evolves_to': []}"
Garbodor,"{'stage': 1, 'evolves_to': []}"
Zorua,"{'stage': 1, 'evolves_to': []}"
Zoroark,"{'stage': 1, 'evolves_to': []}"
Minccino,"{'stage': 1, 'evolves_to': []}"
Cinccino,"{'stage': 1, 'evolves_to': []}"
Gothita,"{'stage': 1, 'evolves_to': []}"
Gothorita,"{'stage': 1, 'evolves_to': []}"
Gothitelle,"{'stage': 1, 'evolves_to': []}"
Solosis,"{'stage': 1, 'evolves_to': []}"
Duosion,"{'stage': 1, 'evolves_to': []}"
Reuniclus,"{'stage': 1, 'evolves_to': []}"
Ducklett,"{'stage': 1, 'evolves_to': []}"
Swanna,"{'stage': 1, 'evolves_to': []}"
Vanillite,"{'stage': 1, 'evolves_to': []}"
Vanillish,"{'stage': 1, 'evolves_to': []}"
Vanilluxe,"{'stage': 1, 'evolves_to': []}"
Deerling,"{'stage': 1, 'evolves_to': []}"
Sawsbuck,"{'stage': 1, 'evolves_to': []}"
Emolga,"{'stage': 1, 'evolves_to': []}"
Karrablast,"{'stage': 1, 'evolves_to': []}"
Escavalier,"{'stage': 1, 'evolves_to': []}"
Foongus,"{'stage': 1, 'evolves_to': []}"
Amoonguss,"{'stage': 1, 'evolves_to': []}"
Frillish,"{'stage': 1, 'evolves_to': []}"
Jellicent,"{'stage': 1, 'evolves_to': []}"
Alomomola,"{'stage': 1, 'evolves_to': []}"
Joltik,"{'stage': 1, 'evolves_to': []}"
Galvantula,"{'stage': 1, 'evolves_to': []}"
Ferroseed,"{'stage': 1, 'evolves_to': []}"
Ferrothorn,"{'stage': 1, 'evolves_to': []}"
Klink,"{'stage': 1, 'evolves_to': []}"
Klang,"{'stage': 1, 'evolves_to': []}"
Klinklang,"{'stage': 1, 'evolves_to': []}"
Tynamo,"{'stage': 1, 'evolves_to': []}"
Eelektrik,"{'stage': 1, 'evolves_to': []}"
Eelektross,"{'stage': 1, 'evolves_to': []}"
Elgyem,"{'stage': 1, 'evolves_to': []}"
Beheeyem,"{'stage': 1, 'evolves_to': []}"
Litwick,"{'stage': 1, 'evolves_to': []}"
Lampent,"{'stage': 1, 'evolves_to': []}"
Chandelure,"{'stage': 1, 'evolves_to': []}"
Axew,"{'stage': 1, 'evolves_to': []}"
Fraxure,"{'stage': 1, 'evolves_to': []}"
Haxorus,"{'stage': 1, 'evolves_to': []}"
Cubchoo,"{'stage': 1, 'evolves_to': []}"
Beartic,"{'stage': 1, 'evolves_to': []}"
Cryogonal,"{'stage': 1, 'evolves_to': []}"
Shelmet,"{'stage': 1, 'evolves_to': []}"
Accelgor,"{'stage': 1, 'evolves_to': []}"
Stunfisk,"{'stage': 1, 'evolves_to': []}"
Galarian Stunfisk,"{'stage': 1, 'evolves_to': []}"
Mienfoo,"{'stage': 1, 'evolves_to': []}"
Mienshao,"{'stage': 1, 'evolves_to': []}"
Druddigon,"{'stage': 1, 'evolves_to': []}"
Golett,"{'stage': 1, 'evolves_to': []}"
Golurk,"{'stage': 1, 'evolves_to': []}"
Pawniard,"{'stage': 1, 'evolves_to': []}"
Bisharp,"{'stage': 1, 'evolves_to': []}"
Bouffalant,"{'stage': 1, 'evolves_to': []}"
Rufflet,"{'stage': 1, 'evolves_to': []}"
Braviary,"{'stage': 1, 'evolves_to': []}"
Vullaby,"{'stage': 1, 'evolves_to': []}"
Mandibuzz,"{'stage': 1, 'evolves_to': []}"
Heatmor,"{'stage': 1, 'evolves_to': []}"
Durant,"{'stage': 1, 'evolves_to': []}"
Deino,"{'stage': 1, 'evolves_to': []}"
Zweilous,"{'stage': 1, 'evolves_to': []}"
Hydreigon,"{'stage': 1, 'evolves_to': []}"
Larvesta,"{'stage': 1, 'evolves_to': []}"
Volcarona,"{'stage': 1, 'evolves_to': []}"
Cobalion,"{'stage': 1, 'evolves_to': []}"
Terrakion,"{'stage': 1, 'evolves_to': []}"
Virizion,"{'stage': 1, 'evolves_to': []}"
Tornadus,"{'stage': 1, 'evolves_to': []}"
Tornadus-Therian,"{'stage': 1, 'evolves_to': []}"
Thundurus,"{'stage': 1, 'evolves_to': []}"
Thundurus-Therian,"{'stage': 1, 'evolves_to': []}"
Reshiram,"{'stage': 1, 'evolves_to': []}"
Zekrom,"{'stage': 1, 'evolves_to': []}"
Landorus,"{'stage': 1, 'evolves_to': []}"
Landorus-Therian,"{'stage': 1, 'evolves_to': []}"
Kyurem,"{'stage': 1, 'evolves_to': []}"
White Kyurem,"{'stage': 1, 'evolves_to': []}"
Black Kyurem,"{'stage': 1, 'evolves_to': []}"
Keldeo,"{'stage': 1, 'evolves_to': []}"
Meloetta,"{'stage': 1, 'evolves_to': []}"
Meloetta-Pirouette,"{'stage': 1, 'evolves_to': []}"
Genesect,"{'stage': 1, 'evolves_to': []}"
Chespin,"{'stage': 1, 'evolves_to': []}"
Quilladin,"{'stage': 1, 'evolves_to': []}"
Chesnaught,"{'stage': 1, 'evolves_to': []}"
Fennekin,"{'stage': 1, 'evolves_to': []}"
Braixen,"{'stage': 1, 'evolves_to': []}"
Delphox,"{'stage': 1, 'evolves_to': []}"
Froakie,"{'stage': 1, 'evolves_to': []}"
Frogadier,"{'stage': 1, 'evolves_to': []}"
Greninja,"{'stage': 1, 'evolves_to': []}"
Ash-Greninja,"{'stage': 1, 'evolves_to': []}"
Bunnelby,"{'stage': 1, 'evolves_to': []}"
Diggersby,"{'stage': 1, 'evolves_to': []}"
Fletchling,"{'stage': 1, 'evolves_to': [{'name': 'Fletchinder', 'method': 'level', 'requirement': '17'}]}"
Fletchinder,"{'stage': 2, 'evolves_to': [{'name': 'Talonflame', 'method': 'level', 'requirement': '35'}], 'evolves_from': 'Fletchling'}"
Talonflame,"{'stage': 3, 'evolves_from': 'Fletchinder'}"
Scatterbug,"{'stage': 1, 'evolves_to': [{'name': 'Spewpa', 'method': 'level', 'requirement': '9'}]}"
Spewpa,"{'stage': 2, 'evolves_to': [{'name': 'Vivillon', 'method': 'level', 'requirement': '12'}], 'evolves_from': 'Scatterbug'}"
Vivillon,"{'stage': 3, 'evolves_from': 'Spewpa'}"
Litleo,"{'stage': 1, 'evolves_to': [{'name': 'Pyroar', 'method': 'level', 'requirement': '35'}]}"
Pyroar,"{'stage': 2, 'evolves_from': 'Litleo'}"
Flabébé,"{'stage': 1, 'evolves_to': [{'name': 'Floette', 'method': 'level', 'requirement': '19'}]}"
Floette,"{'stage': 2, 'evolves_to': [{'name': 'Florges', 'method': 'stone', 'requirement': 'Shiny Stone'}], 'evolves_from': 'Flabébé'}"
Florges,"{'stage': 3, 'evolves_from': 'Floette'}"
Skiddo,"{'stage': 1, 'evolves_to': [{'name': 'Gogoat', 'method': 'level', 'requirement': '32'}]}"
Gogoat,"{'stage': 2, 'evolves_from': 'Skiddo'}"
Pancham,"{'stage': 1, 'evolves_to': [{'name': 'Pangoro', 'method': 'level', 'requirement': '32', 'condition': 'Dark-type in party'}]}"
Pangoro,"{'stage': 2, 'evolves_from': 'Pancham'}"
Furfrou,"{'stage': 1, 'evolves_to': []}"
Espurr,"{'stage': 1, 'evolves_to': []}"
Meowstic,"{'stage': 1, 'evolves_to': []}"
Honedge,"{'stage': 1, 'evolves_to': [{'name': 'Doublade', 'method': 'level', 'requirement': '35'}]}"
Doublade,"{'stage': 2, 'evolves_to': [{'name': 'Aegislash', 'method': 'stone', 'requirement': 'Dusk Stone'}], 'evolves_from': 'Honedge'}"
Aegislash Shield Form,"{'stage': 1, 'evolves_to': []}"
Aegislash Blade Form,"{'stage': 1, 'evolves_to': []}"
Spritzee,"{'stage': 1, 'evolves_to': [{'name': 'Aromatisse', 'method': 'trade', 'requirement': 'Trade holding Sachet'}]}"
Aromatisse,"{'stage': 2, 'evolves_from': 'Spritzee'}"
Swirlix,"{'stage': 1, 'evolves_to': [{'name': 'Slurpuff', 'method': 'trade', 'requirement': 'Trade holding Whipped Dream'}]}"
Slurpuff,"{'stage': 2, 'evolves_from': 'Swirlix'}"
Inkay,"{'stage': 1, 'evolves_to': [{'name': 'Malamar', 'method': 'level', 'requirement': '30', 'condition': 'turn_3DS_upside_down'}]}"
Malamar,"{'stage': 2, 'evolves_from': 'Inkay'}"
Binacle,"{'stage': 1, 'evolves_to': [{'name': 'Barbaracle', 'method': 'level', 'requirement': '39'}]}"
Barbaracle,"{'stage': 2, 'evolves_from': 'Binacle'}"
Skrelp,"{'stage': 1, 'evolves_to': [{'name': 'Dragalge', 'method': 'level', 'requirement': '48'}]}"
Dragalge,"{'stage': 2, 'evolves_from': 'Skrelp'}"
Clauncher,"{'stage': 1, 'evolves_to': [{'name': 'Clawitzer', 'method': 'level', 'requirement': '37'}]}"
Clawitzer,"{'stage': 2, 'evolves_from': 'Clauncher'}"
Helioptile,"{'stage': 1, 'evolves_to': [{'name': 'Heliolisk', 'method': 'stone', 'requirement': 'Sun Stone'}]}"
Heliolisk,"{'stage': 2, 'evolves_from': 'Helioptile'}"
Tyrunt,"{'stage': 1, 'evolves_to': [{'name': 'Tyrantrum', 'method': 'level', 'requirement': '39', 'condition': 'during_day'}]}"
Tyrantrum,"{'stage': 2, 'evolves_from': 'Tyrunt'}"
Amaura,"{'stage': 1, 'evolves_to': [{'name': 'Aurorus', 'method': 'level', 'requirement': '39', 'condition': 'at_night'}]}"
Aurorus,"{'stage': 2, 'evolves_from': 'Amaura'}"
Sylveon,"{'stage': 2, 'evolves_from': 'Eevee'}"
Hawlucha,"{'stage': 1, 'evolves_to': []}"
Dedenne,"{'stage': 1, 'evolves_to': []}"
Carbink,"{'stage': 1, 'evolves_to': []}"
Goomy,"{'stage': 1, 'evolves_to': [{'name': 'Sliggoo', 'method': 'level', 'requirement': '40'}]}"
Sliggoo,"{'stage': 2, 'evolves_to': [{'name': 'Goodra', 'method': 'level', 'requirement': '50', 'condition': 'rain'}], 'evolves_from': 'Goomy'}"
Goodra,"{'stage': 3, 'evolves_from': 'Sliggoo'}"
Klefki,"{'stage': 1, 'evolves_to': []}"
Phantump,"{'stage': 1, 'evolves_to': [{'name': 'Trevenant', 'method': 'trade', 'requirement': 'Trade'}]}"
Trevenant,"{'stage': 2, 'evolves_from': 'Phantump'}"
Small Size Pumpkaboo,"{'stage': 1, 'evolves_to': []}"
Average Size Pumpkaboo,"{'stage': 1, 'evolves_to': []}"
Large Size Pumpkaboo,"{'stage': 1, 'evolves_to': []}"
Super Size Pumpkaboo,"{'stage': 1, 'evolves_to': []}"
Small Size Gourgeist,"{'stage': 1, 'evolves_to': []}"
Average Size Gourgeist,"{'stage': 1, 'evolves_to': []}"
Large Size Gourgeist,"{'stage': 1, 'evolves_to': []}"
Super Size Gourgeist,"{'stage': 1, 'evolves_to': []}"
Bergmite,"{'stage': 1, 'evolves_to': [{'name': 'Avalugg', 'method': 'level', 'requirement': '37'}]}"
Avalugg,"{'stage': 2, 'evolves_from': 'Bergmite'}"
Noibat,"{'stage': 1, 'evolves_to': [{'name': 'Noivern', 'method': 'level', 'requirement': '48'}]}"
Noivern,"{'stage': 2, 'evolves_from': 'Noibat'}"
Xerneas,"{'stage': 1, 'evolves_to': []}"
Yveltal,"{'stage': 1, 'evolves_to': []}"
Zygarde,"{'stage': 1, 'evolves_to': []}"
Zygarde 10%,"{'stage': 1, 'evolves_to': []}"
Zygarde Complete,"{'stage': 1, 'evolves_to': []}"
Mega Diancie,"{'stage': 'mega', 'evolves_from': 'Diancie'}"
Diancie,"{'stage': 1, 'evolves_to': [{'name': 'Mega Diancie', 'method': 'mega_evolution', 'requirement': 'Diancite'}]}"
Hoopa,"{'stage': 1, 'evolves_to': []}"
Hoopa Unbound,"{'stage': 1, 'evolves_to': []}"
Volcanion,"{'stage': 1, 'evolves_to': []}"
Rowlet,"{'stage': 1, 'evolves_to': []}"
Dartrix,"{'stage': 1, 'evolves_to': []}"
Decidueye,"{'stage': 1, 'evolves_to': []}"
Litten,"{'stage': 1, 'evolves_to': []}"
Torracat,"{'stage': 1, 'evolves_to': []}"
Incineroar,"{'stage': 1, 'evolves_to': []}"
Popplio,"{'stage': 1, 'evolves_to': []}"
Brionne,"{'stage': 1, 'evolves_to': []}"
Primarina,"{'stage': 1, 'evolves_to': []}"
Pikipek,"{'stage': 1, 'evolves_to': []}"
Trumbeak,"{'stage': 1, 'evolves_to': []}"
Toucannon,"{'stage': 1, 'evolves_to': []}"
Yungoos,"{'stage': 1, 'evolves_to': []}"
Gumshoos,"{'stage': 1, 'evolves_to': []}"
Grubbin,"{'stage': 1, 'evolves_to': []}"
Charjabug,"{'stage': 1, 'evolves_to': []}"
Vikavolt,"{'stage': 1, 'evolves_to': []}"
Crabrawler,"{'stage': 1, 'evolves_to': []}"
Crabominable,"{'stage': 1, 'evolves_to': []}"
Oricorio Baile Style,"{'stage': 1, 'evolves_to': []}"
Oricorio Pom-Pom Style,"{'stage': 1, 'evolves_to': []}"
Oricorio Pa'u Style,"{'stage': 1, 'evolves_to': []}"
Oricorio Sensu Style,"{'stage': 1, 'evolves_to': []}"
Cutiefly,"{'stage': 1, 'evolves_to': []}"
Ribombee,"{'stage': 1, 'evolves_to': []}"
Rockruff,"{'stage': 1, 'evolves_to': []}"
Lycanroc,"{'stage': 1, 'evolves_to': []}"
Lycanroc Midnight,"{'stage': 1, 'evolves_to': []}"
Lycanroc Dusk,"{'stage': 1, 'evolves_to': []}"
Wishiwashi,"{'stage': 1, 'evolves_to': []}"
Wishiwashi School,"{'stage': 1, 'evolves_to': []}"
Mareanie,"{'stage': 1, 'evolves_to': []}"
Toxapex,"{'stage': 1, 'evolves_to': []}"
Mudbray,"{'stage': 1, 'evolves_to': []}"
Mudsdale,"{'stage': 1, 'evolves_to': []}"
Dewpider,"{'stage': 1, 'evolves_to': []}"
Araquanid,"{'stage': 1, 'evolves_to': []}"
Fomantis,"{'stage': 1, 'evolves_to': []}"
Lurantis,"{'stage': 1, 'evolves_to': []}"
Morelull,"{'stage': 1, 'evolves_to': []}"
Shiinotic,"{'stage': 1, 'evolves_to': []}"
Salandit,"{'stage': 1, 'evolves_to': []}"
Salazzle,"{'stage': 1, 'evolves_to': []}"
Stufful,"{'stage': 1, 'evolves_to': []}"
Bewear,"{'stage': 1, 'evolves_to': []}"
Bounsweet,"{'stage': 1, 'evolves_to': []}"
Steenee,"{'stage': 1, 'evolves_to': []}"
Tsareena,"{'stage': 1, 'evolves_to': []}"
Comfey,"{'stage': 1, 'evolves_to': []}"
Oranguru,"{'stage': 1, 'evolves_to': []}"
Passimian,"{'stage': 1, 'evolves_to': []}"
Wimpod,"{'stage': 1, 'evolves_to': []}"
Golisopod,"{'stage': 1, 'evolves_to': []}"
Sandygast,"{'stage': 1, 'evolves_to': []}"
Palossand,"{'stage': 1, 'evolves_to': []}"
Pyukumuku,"{'stage': 1, 'evolves_to': []}"
Type: Null,"{'stage': 1, 'evolves_to': []}"
Silvally,"{'stage': 1, 'evolves_to': []}"
Minior Meteor Form,"{'stage': 1, 'evolves_to': []}"
Minior Core Form,"{'stage': 1, 'evolves_to': []}"
Komala,"{'stage': 1, 'evolves_to': []}"
Turtonator,"{'stage': 1, 'evolves_to': []}"
Togedemaru,"{'stage': 1, 'evolves_to': []}"
Mimikyu,"{'stage': 1, 'evolves_to': []}"
Bruxish,"{'stage': 1, 'evolves_to': []}"
Drampa,"{'stage': 1, 'evolves_to': []}"
Dhelmise,"{'stage': 1, 'evolves_to': []}"
Jangmo-o,"{'stage': 1, 'evolves_to': []}"
Hakamo-o,"{'stage': 1, 'evolves_to': []}"
Kommo-o,"{'stage': 1, 'evolves_to': []}"
Tapu Koko,"{'stage': 1, 'evolves_to': []}"
Tapu Lele,"{'stage': 1, 'evolves_to': []}"
Tapu Bulu,"{'stage': 1, 'evolves_to': []}"
Tapu Fini,"{'stage': 1, 'evolves_to': []}"
Cosmog,"{'stage': 1, 'evolves_to': []}"
Cosmoem,"{'stage': 1, 'evolves_to': []}"
Solgaleo,"{'stage': 1, 'evolves_to': []}"
Lunala,"{'stage': 1, 'evolves_to': []}"
Nihilego,"{'stage': 1, 'evolves_to': []}"
Buzzwole,"{'stage': 1, 'evolves_to': []}"
Pheromosa,"{'stage': 1, 'evolves_to': []}"
Xurkitree,"{'stage': 1, 'evolves_to': []}"
Celesteela,"{'stage': 1, 'evolves_to': []}"
Kartana,"{'stage': 1, 'evolves_to': []}"
Guzzlord,"{'stage': 1, 'evolves_to': []}"
Necrozma,"{'stage': 1, 'evolves_to': []}"
Dusk Mane Necrozma,"{'stage': 1, 'evolves_to': []}"
Dawn Wings Necrozma,"{'stage': 1, 'evolves_to': []}"
Ultra Necrozma,"{'stage': 1, 'evolves_to': []}"
Magearna,"{'stage': 1, 'evolves_to': []}"
Marshadow,"{'stage': 1, 'evolves_to': []}"
Poipole,"{'stage': 1, 'evolves_to': []}"
Naganadel,"{'stage': 1, 'evolves_to': []}"
Stakataka,"{'stage': 1, 'evolves_to': []}"
Blacephalon,"{'stage': 1, 'evolves_to': []}"
Zeraora,"{'stage': 1, 'evolves_to': []}"
Meltan,"{'stage': 1, 'evolves_to': []}"
Melmetal,"{'stage': 1, 'evolves_to': []}"
Grookey,"{'stage': 1, 'evolves_to': []}"
Thwackey,"{'stage': 1, 'evolves_to': []}"
Rillaboom,"{'stage': 1, 'evolves_to': []}"
Scorbunny,"{'stage': 1, 'evolves_to': []}"
Raboot,"{'stage': 1, 'evolves_to': []}"
Cinderace,"{'stage': 1, 'evolves_to': []}"
Sobble,"{'stage': 1, 'evolves_to': []}"
Drizzile,"{'stage': 1, 'evolves_to': []}"
Inteleon,"{'stage': 1, 'evolves_to': []}"
Skwovet,"{'stage': 1, 'evolves_to': []}"
Greedent,"{'stage': 1, 'evolves_to': []}"
Rookidee,"{'stage': 1, 'evolves_to': []}"
Corvisquire,"{'stage': 1, 'evolves_to': []}"
Corviknight,"{'stage': 1, 'evolves_to': []}"
Blipbug,"{'stage': 1, 'evolves_to': []}"
Dottler,"{'stage': 1, 'evolves_to': []}"
Orbeetle,"{'stage': 1, 'evolves_to': []}"
Nickit,"{'stage': 1, 'evolves_to': []}"
Thievul,"{'stage': 1, 'evolves_to': []}"
Gossifleur,"{'stage': 1, 'evolves_to': []}"
Eldegoss,"{'stage': 1, 'evolves_to': []}"
Wooloo,"{'stage': 1, 'evolves_to': []}"
Dubwool,"{'stage': 1, 'evolves_to': []}"
Chewtle,"{'stage': 1, 'evolves_to': []}"
Drednaw,"{'stage': 1, 'evolves_to': []}"
Yamper,"{'stage': 1, 'evolves_to': []}"
Boltund,"{'stage': 1, 'evolves_to': []}"
Rolycoly,"{'stage': 1, 'evolves_to': []}"
Carkol,"{'stage': 1, 'evolves_to': []}"
Coalossal,"{'stage': 1, 'evolves_to': []}"
Applin,"{'stage': 1, 'evolves_to': []}"
Flapple,"{'stage': 1, 'evolves_to': []}"
Appletun,"{'stage': 1, 'evolves_to': []}"
Silicobra,"{'stage': 1, 'evolves_to': []}"
Sandaconda,"{'stage': 1, 'evolves_to': []}"
Cramorant,"{'stage': 1, 'evolves_to': []}"
Arrokuda,"{'stage': 1, 'evolves_to': []}"
Barraskewda,"{'stage': 1, 'evolves_to': []}"
Toxel,"{'stage': 1, 'evolves_to': []}"
Toxtricity,"{'stage': 1, 'evolves_to': []}"
Sizzlipede,"{'stage': 1, 'evolves_to': []}"
Centiskorch,"{'stage': 1, 'evolves_to': []}"
Clobbopus,"{'stage': 1, 'evolves_to': []}"
Grapploct,"{'stage': 1, 'evolves_to': []}"
Sinistea,"{'stage': 1, 'evolves_to': []}"
Polteageist,"{'stage': 1, 'evolves_to': []}"
Hatenna,"{'stage': 1, 'evolves_to': []}"
Hattrem,"{'stage': 1, 'evolves_to': []}"
Hatterene,"{'stage': 1, 'evolves_to': []}"
Impidimp,"{'stage': 1, 'evolves_to': []}"
Morgrem,"{'stage': 1, 'evolves_to': []}"
Grimmsnarl,"{'stage': 1, 'evolves_to': []}"
Obstagoon,"{'stage': 3, 'evolves_from': 'Galarian Linoone'}"
Perrserker,"{'stage': 2, 'evolves_from': 'Galarian Meowth'}"
Cursola,"{'stage': 2, 'evolves_from': 'Galarian Corsola'}"
Sirfetch'd,"{'stage': 2, 'evolves_from': ""Galarian Farfetch'd""}"
Mr. Rime,"{'stage': 2, 'evolves_from': 'Galarian Mr. Mime'}"
Runerigus,"{'stage': 1, 'evolves_to': []}"
Milcery,"{'stage': 1, 'evolves_to': []}"
Alcremie,"{'stage': 1, 'evolves_to': []}"
Falinks,"{'stage': 1, 'evolves_to': []}"
Pincurchin,"{'stage': 1, 'evolves_to': []}"
Snom,"{'stage': 1, 'evolves_to': []}"
Frosmoth,"{'stage': 1, 'evolves_to': []}"
Stonjourner,"{'stage': 1, 'evolves_to': []}"
Eiscue,"{'stage': 1, 'evolves_to': []}"
Eiscue Noice Face,"{'stage': 1, 'evolves_to': []}"
Indeedee,"{'stage': 1, 'evolves_to': []}"
Morpeko,"{'stage': 1, 'evolves_to': []}"
Cufant,"{'stage': 1, 'evolves_to': []}"
Copperajah,"{'stage': 1, 'evolves_to': []}"
Dracozolt,"{'stage': 1, 'evolves_to': []}"
Arctozolt,"{'stage': 1, 'evolves_to': []}"
Dracovish,"{'stage': 1, 'evolves_to': []}"
Arctovish,"{'stage': 1, 'evolves_to': []}"
Duraludon,"{'stage': 1, 'evolves_to': []}"
Dreepy,"{'stage': 1, 'evolves_to': []}"
Drakloak,"{'stage': 1, 'evolves_to': []}"
Dragapult,"{'stage': 1, 'evolves_to': []}"
Zacian,"{'stage': 1, 'evolves_to': []}"
Zacian Crowned Sword,"{'stage': 1, 'evolves_to': []}"
Zamazenta,"{'stage': 1, 'evolves_to': []}"
Zamazenta Crowned Shield,"{'stage': 1, 'evolves_to': []}"
Eternatus,"{'stage': 1, 'evolves_to': []}"
Kubfu,"{'stage': 1, 'evolves_to': []}"
Urshifu Rapid Strike Style,"{'stage': 1, 'evolves_to': []}"
Urshifu Single Strike Style,"{'stage': 1, 'evolves_to': []}"
Zarude,"{'stage': 1, 'evolves_to': []}"
Regieleki,"{'stage': 1, 'evolves_to': []}"
Regidrago,"{'stage': 1, 'evolves_to': []}"
Glastrier,"{'stage': 1, 'evolves_to': []}"
Spectrier,"{'stage': 1, 'evolves_to': []}"
Calyrex,"{'stage': 1, 'evolves_to': []}"
Calyrex Ice Rider,"{'stage': 1, 'evolves_to': []}"
Calyrex Shadow Rider,"{'stage': 1, 'evolves_to': []}"
